Draft_Yr,Rnd,Pick,Tm,Player,Pos,Age,To,AP1,PB,St,CarAV,DrAV,G,Cmp,Att,Yds,TD,Int,Rush_Att,Rush_Yds,Rush_TD,Rec,Rec_Yds,Rec_TD,Solo,Def_Int,Sk,College,,Player_NFL_Link,Player_NCAA_Link
1993,1,1,NWE,Drew Bledsoe,QB,21,2006,0,4,12,103,71,194,3839,6717,44611,251,206,385,764,10,1,-9,0,,,,Washington St.,College Stats,/players/B/BledDr00.htm,http://www.sports-reference.com/cfb/players/drew-bledsoe-1.html
1993,1,2,SEA,Rick Mirer,QB,23,2003,0,0,5,32,27,80,1088,2043,11969,50,76,242,1130,9,0,0,0,,,,Notre Dame,College Stats,/players/M/MireRi00.htm,http://www.sports-reference.com/cfb/players/rick-mirer-1.html
1993,1,3,PHO,Garrison Hearst,RB,22,2004,0,2,7,71,7,126,2,4,26,1,1,1831,7966,30,229,2065,9,,,,Georgia,College Stats,/players/H/HearGa00.htm,http://www.sports-reference.com/cfb/players/garrison-hearst-1.html
1993,1,4,NYJ,Marvin Jones,LB,21,2003,0,0,9,52,52,142,0,0,0,0,0,0,0,0,0,0,0,,5,9.0,Florida St.,College Stats,/players/J/JoneMa23.htm,http://www.sports-reference.com/cfb/players/marvin-jones-2.html
1993,1,5,CIN,John Copeland,DE,22,2000,0,0,6,38,38,107,0,0,0,0,0,0,0,0,0,0,0,,3,24.0,Alabama,College Stats,/players/C/CopeJo20.htm,http://www.sports-reference.com/cfb/players/john-copeland-1.html
1993,1,6,TAM,Eric Curry,DE,23,1999,0,0,3,19,18,75,0,0,0,0,0,0,0,0,0,0,0,,,12.5,Alabama,College Stats,/players/C/CurrEr20.htm,http://www.sports-reference.com/cfb/players/eric-curry-1.html
1993,1,7,CHI,Curtis Conway,WR,22,2004,0,0,9,61,36,167,2,5,56,2,0,50,465,3,594,8230,52,,,,USC,College Stats,/players/C/ConwCu00.htm,http://www.sports-reference.com/cfb/players/curtis-conway-1.html
1993,1,8,NOR,Willie Roaf,T,23,2005,4,11,12,107,61,189,0,0,0,0,0,0,0,0,0,0,0,,,,Louisiana Tech,College Stats,/players/R/RoafWi00.htm,http://www.sports-reference.com/cfb/players/willie-roaf-1.html
1993,1,9,ATL,Lincoln Kennedy,T,22,2003,1,3,9,76,9,169,0,0,0,0,0,0,0,0,0,0,0,,,,Washington,College Stats,/players/K/KennLi00.htm,http://www.sports-reference.com/cfb/players/lincoln-kennedy-1.html
1993,1,10,RAM,Jerome Bettis,RB,21,2005,2,6,11,80,19,192,3,6,63,3,1,3479,13662,91,200,1449,3,,,,Notre Dame,College Stats,/players/B/BettJe00.htm,http://www.sports-reference.com/cfb/players/jerome-bettis-1.html
1993,1,11,DEN,Dan Williams,DE,23,2000,0,0,2,31,16,87,0,0,0,0,0,0,0,0,0,0,0,,1,27.0,Toledo,,/players/W/WillDa20.htm,
1993,1,12,RAI,Patrick Bates,DB,22,1996,0,0,1,8,5,44,0,0,0,0,0,0,0,0,0,0,0,,1,,Texas A&M,,/players/B/BatePa20.htm,
1993,1,13,HOU,Brad Hopkins,T,23,2005,0,2,13,70,70,194,0,0,0,0,0,0,0,0,0,0,0,,,,Illinois,,/players/H/HopkBr00.htm,
1993,1,14,CLE,Steve Everitt,C,23,2000,0,0,6,36,19,103,0,0,0,0,0,0,0,0,0,0,0,,,,Michigan,,/players/E/EverSt20.htm,
1993,1,15,GNB,Wayne Simmons,LB,23,1998,0,0,4,33,24,90,0,0,0,0,0,0,0,0,0,0,0,,3,11.5,Clemson,,/players/S/SimmWa20.htm,
1993,1,16,IND,Sean Dawkins,WR,22,2001,0,0,6,48,28,140,0,0,0,0,0,0,0,0,445,6291,25,,,,California,College Stats,/players/D/DawkSe00.htm,http://www.sports-reference.com/cfb/players/sean-dawkins-2.html
1993,1,17,WAS,Tom Carter,DB,21,2001,0,0,6,35,21,118,0,0,0,0,0,0,0,0,0,0,0,,27,,Notre Dame,,/players/C/CartTo20.htm,
1993,1,18,PHO,Ernest Dye,T,22,1997,0,0,2,10,10,50,0,0,0,0,0,0,0,0,0,0,0,,,,South Carolina,,/players/D/DyexEr20.htm,
1993,1,19,PHI,Lester Holmes,G,23,2000,0,0,6,38,17,102,0,0,0,0,0,0,0,0,0,0,0,,,,Jackson St.,,/players/H/HolmLe20.htm,
1993,1,20,NOR,Irv Smith,TE,21,1999,0,0,5,14,10,95,0,0,0,0,0,0,0,0,183,1788,15,,,,Notre Dame,College Stats,/players/S/SmitIr00.htm,http://www.sports-reference.com/cfb/players/irv-smith-1.html
1993,1,21,MIN,Robert Smith,RB,21,2000,0,2,6,61,61,98,0,0,0,0,0,1411,6818,32,178,1292,6,,,,Ohio St.,College Stats,/players/S/SmitRo00.htm,http://www.sports-reference.com/cfb/players/robert-smith-6.html
1993,1,22,SDG,Darrien Gordon,DB,22,2002,0,0,3,44,15,138,0,0,0,0,0,0,0,0,0,0,0,,19,5.0,Stanford,,/players/G/GordDa20.htm,
1993,1,23,PIT,Deon Figures,DB,23,1998,0,0,2,20,12,93,0,0,0,0,0,0,0,0,0,0,0,,9,1.0,Colorado,College Stats,/players/F/FiguDe20.htm,http://www.sports-reference.com/cfb/players/deon-figures-1.html
1993,1,24,PHI,Leonard Renfro,DT,23,1994,0,0,0,3,3,23,0,0,0,0,0,0,0,0,0,0,0,,,,Colorado,,/players/R/RenfLe20.htm,
1993,1,25,MIA,O.J. McDuffie,WR,23,2000,0,0,5,44,44,116,0,0,0,0,0,15,49,0,415,5074,29,,,,Penn St.,College Stats,/players/M/McDuO.00.htm,http://www.sports-reference.com/cfb/players/oj-mcduffie-1.html
1993,1,26,SFO,Dana Stubblefield,DT,22,2003,1,3,9,72,57,154,0,0,0,0,0,0,0,0,0,0,0,,2,53.5,Kansas,,/players/S/StubDa00.htm,
1993,1,27,SFO,Todd Kelly,LB,22,1996,0,0,0,5,4,45,0,0,0,0,0,0,0,0,0,0,0,,,5.5,Tennessee,,/players/K/KellTo20.htm,
1993,1,28,BUF,Thomas Smith,DB,22,2001,0,0,7,43,39,137,0,0,0,0,0,0,0,0,0,0,0,,6,,North Carolina,,/players/S/SmitTh21.htm,
1993,1,29,GNB,George Teague,DB,22,2001,0,0,6,38,18,133,0,0,0,0,0,0,0,0,0,0,0,,15,2.0,Alabama,,/players/T/TeagGe20.htm,
1993,Rnd,Pick,Tm,Player,Pos,Age,To,AP1,PB,St,CarAV,DrAV,G,Cmp,Att,Yds,TD,Int,Att,Yds,TD,Rec,Yds,TD,,Int,Sk,College/Univ,,,
1993,2,30,SEA,Carlton Gray,DB,22,2000,0,0,4,24,18,102,0,0,0,0,0,0,0,0,0,0,0,,12,2.0,UCLA,College Stats,/players/G/GrayCa20.htm,http://www.sports-reference.com/cfb/players/carlton-gray-1.html
1993,2,31,NWE,Chris Slade,LB,22,2001,0,1,6,53,51,142,0,0,0,0,0,0,0,0,0,0,0,,3,53.5,Virginia,College Stats,/players/S/SladCh00.htm,http://www.sports-reference.com/cfb/players/chris-slade-1.html
1993,2,32,PHO,Ben Coleman,G,22,2001,0,0,6,44,4,135,0,0,0,0,0,0,0,0,0,0,0,,,,Wake Forest,,/players/C/ColeBe20.htm,
1993,2,33,DET,Ryan McNeil,DB,22,2003,0,1,9,53,17,161,0,0,0,0,0,0,0,0,0,0,0,,31,1.0,Miami (FL),College Stats,/players/M/McNeRy20.htm,http://www.sports-reference.com/cfb/players/ryan-mcneil-1.html
1993,2,34,TAM,Demetrious DuBose,LB,22,1996,0,0,0,5,5,60,0,0,0,0,0,0,0,0,0,0,0,,,,Notre Dame,,/players/D/DuBoDe20.htm,
1993,2,35,CHI,Carl Simpson,DT,23,1998,0,0,2,24,23,87,0,0,0,0,0,0,0,0,0,0,0,,,7.5,Florida St.,,/players/S/SimpCa20.htm,
1993,2,36,NYJ,Coleman Rudolph,DE,22,1996,0,0,0,6,0,48,0,0,0,0,0,0,0,0,0,0,0,,,5.0,Georgia Tech,,/players/R/RudoCo20.htm,
1993,2,37,CIN,Tony McGee,TE,22,2003,0,0,10,28,27,156,0,0,0,0,0,0,0,0,322,4089,21,,,,Michigan,College Stats,/players/M/McGeTo00.htm,http://www.sports-reference.com/cfb/players/tony-mcgee-1.html
1993,2,38,ATL,Roger Harper,DB,22,1996,0,0,3,10,10,56,0,0,0,0,0,0,0,0,0,0,0,,4,1.0,Ohio St.,,/players/H/HarpRo20.htm,
1993,2,39,RAM,Troy Drayton,TE,23,2000,0,0,6,21,6,122,0,0,0,0,0,2,11,0,243,2645,24,,,,Penn St.,College Stats,/players/D/DrayTr00.htm,http://www.sports-reference.com/cfb/players/troy-drayton-1.html
1993,2,40,NYG,Michael Strahan,DE,21,2007,4,7,14,121,121,216,0,0,0,0,0,0,0,0,0,0,0,,4,141.5,Texas Southern,,/players/S/StraMi02.htm,
1993,2,41,SDG,Natrone Means,RB,21,2000,0,1,4,38,28,88,0,2,0,0,0,1409,5215,45,103,631,2,,,,North Carolina,College Stats,/players/M/MeanNa00.htm,http://www.sports-reference.com/cfb/players/natrone-means-1.html
1993,2,42,CLE,Dan Footman,DE,24,1998,0,0,2,18,10,69,0,0,0,0,0,0,0,0,0,0,0,,,19.5,Florida St.,,/players/F/FootDa20.htm,
1993,2,43,DEN,Glyn Milburn,RB,22,2001,1,2,0,19,14,138,0,0,0,0,0,183,817,2,170,1322,6,,,,Stanford,College Stats,/players/M/MilbGl00.htm,http://www.sports-reference.com/cfb/players/glyn-milburn-1.html
1993,2,44,PIT,Chad Brown,LB,23,2007,2,3,10,84,32,188,0,0,0,0,0,0,0,0,0,0,0,,6,79.0,Colorado,,/players/B/BrowCh04.htm,
1993,2,45,WAS,Reggie Brooks,RB,22,1996,0,0,1,13,11,41,0,0,0,0,0,437,1726,7,37,267,0,,,,Notre Dame,College Stats,/players/B/BrooRe00.htm,http://www.sports-reference.com/cfb/players/reggie-brooks-2.html
1993,2,46,DAL,Kevin Williams,WR,22,2000,0,0,2,27,17,121,0,0,0,0,0,34,167,2,178,2314,7,,,,Miami (FL),College Stats,/players/W/WillKe00.htm,http://www.sports-reference.com/cfb/players/kevin-williams-4.html
1993,2,47,HOU,Micheal Barrow,LB,23,2005,0,0,10,61,17,173,0,0,0,0,0,0,0,0,0,0,0,,2,43.0,Miami (FL),College Stats,/players/B/BarrMi20.htm,http://www.sports-reference.com/cfb/players/micheal-barrow-1.html
1993,2,48,SFO,Adrian Hardy,DB,23,1995,0,0,0,3,1,36,0,0,0,0,0,0,0,0,0,0,0,,,,NW State (LA),,/players/H/HardAd20.htm,
1993,2,49,IND,Roosevelt Potts,RB,22,1998,0,0,4,16,14,71,0,0,0,0,0,359,1475,1,106,863,4,,,,La-Monroe,,/players/P/PottRo00.htm,
1993,2,50,PHI,Victor Bailey,WR,23,1996,0,0,1,8,8,34,0,0,0,0,0,0,0,0,62,868,2,,,,Missouri,College Stats,/players/B/BailVi00.htm,http://www.sports-reference.com/cfb/players/victor-bailey-1.html
1993,2,51,NWE,Todd Rucci,G,23,1999,0,0,5,35,35,85,0,0,0,0,0,0,0,0,0,0,0,,,,Penn St.,,/players/R/RuccTo20.htm,
1993,2,52,MIN,Qadry Ismail,WR,22,2002,0,0,4,38,12,137,0,0,0,0,0,5,25,0,353,5137,33,,,,Syracuse,College Stats,/players/I/IsmaQa00.htm,http://www.sports-reference.com/cfb/players/qadry-ismail-1.html
1993,2,53,NOR,Reggie Freeman,LB,23,1993,0,0,0,1,1,10,0,0,0,0,0,0,0,0,0,0,0,,,,Florida St.,,/players/F/FreeRe20.htm,
1993,2,54,DAL,Darrin Smith,LB,23,2004,0,0,8,55,24,156,0,0,0,0,0,0,0,0,0,0,0,,11,24.0,Miami (FL),College Stats,/players/S/SmitDa22.htm,http://www.sports-reference.com/cfb/players/darrin-smith-2.html
1993,2,55,BUF,John Parrella,DT,23,2004,0,0,6,46,1,172,0,0,0,0,0,0,0,0,0,0,0,,,26.5,Nebraska,,/players/P/ParrJo20.htm,
1993,2,56,NWE,Vincent Brisby,WR,22,2000,0,0,3,24,24,86,0,0,0,0,0,0,0,0,221,3202,14,,,,La-Monroe,,/players/B/BrisVi00.htm,
1993,Rnd,Pick,Tm,Player,Pos,Age,To,AP1,PB,St,CarAV,DrAV,G,Cmp,Att,Yds,TD,Int,Att,Yds,TD,Rec,Yds,TD,,Int,Sk,College/Univ,,,
1993,3,57,MIN,John Gerak,G,23,1997,0,0,3,16,9,63,0,0,0,0,0,0,0,0,1,3,0,,,,Penn St.,College Stats,/players/G/GeraJo20.htm,http://www.sports-reference.com/cfb/players/john-gerak-1.html
1993,3,58,RAI,Billy Joe Hobert,QB,22,1999,0,0,0,7,3,29,275,527,3371,23,25,33,121,1,0,0,0,,,,Washington,College Stats,/players/H/HobeBi00.htm,http://www.sports-reference.com/cfb/players/billy-joe-hobert-1.html
1993,3,59,CIN,Steve Tovar,LB,23,2000,0,0,3,29,25,121,0,0,0,0,0,0,0,0,0,0,0,,7,8.0,Ohio St.,,/players/T/TovaSt20.htm,
1993,3,60,TAM,Lamar Thomas,WR,23,1998,0,0,1,12,2,73,0,0,0,0,0,1,5,0,106,1558,10,,,,Miami (FL),College Stats,/players/T/ThomLa00.htm,http://www.sports-reference.com/cfb/players/lamar-thomas-1.html
1993,3,61,CHI,Chris Gedney,TE,23,2000,0,0,0,8,3,73,0,0,0,0,0,1,15,0,83,914,8,,,,Syracuse,College Stats,/players/G/GednCh00.htm,http://www.sports-reference.com/cfb/players/chris-gedney-1.html
1993,3,62,DET,Antonio London,LB,22,1998,0,0,1,12,12,76,0,0,0,0,0,0,0,0,0,0,0,,,13.0,Alabama,,/players/L/LondAn20.htm,
1993,3,63,CIN,Ty Parten,DE,23,2000,0,0,0,8,3,62,0,0,0,0,0,0,0,0,0,0,0,,,,Arizona,,/players/P/PartTy20.htm,
1993,3,64,SDG,Joe Cocozzo,G,23,1997,0,0,3,22,22,77,0,0,0,0,0,0,0,0,0,0,0,,,,Michigan,,/players/C/CocoJo20.htm,
1993,3,65,IND,Ray Buchanan,DB,21,2004,0,1,11,62,21,184,0,0,0,0,0,0,0,0,0,0,0,,47,3.5,Louisville,College Stats,/players/B/BuchRa00.htm,http://www.sports-reference.com/cfb/players/ray-buchanan-1.html
1993,3,66,NYG,Marcus Buckley,LB,22,1999,0,0,1,17,17,101,0,0,0,0,0,0,0,0,0,0,0,,1,1.5,Texas A&M,College Stats,/players/B/BuckMa20.htm,http://www.sports-reference.com/cfb/players/marcus-buckley-1.html
1993,3,67,ATL,Harold Alexander,P,22,1994,0,0,2,4,4,31,0,0,0,0,0,3,-7,0,0,0,0,,,,Appalachian St.,,/players/A/AlexHa20.htm,
1993,3,68,DET,Mike Compton,G,22,2004,0,0,6,50,33,151,0,0,0,0,0,0,0,0,0,0,0,,,,West Virginia,College Stats,/players/C/CompMi20.htm,http://www.sports-reference.com/cfb/players/mike-compton-1.html
1993,3,69,DEN,Rondell Jones,DB,22,1997,0,0,1,9,4,76,0,0,0,0,0,0,0,0,0,0,0,,3,,North Carolina,,/players/J/JoneRo26.htm,
1993,3,70,DEN,Jason Elam,K,23,2009,0,3,17,43,38,263,0,0,0,0,0,1,2,0,0,0,0,,,,Hawaii,College Stats,/players/E/elamxjas01.htm,http://www.sports-reference.com/cfb/players/jason-elam-1.html
1993,3,71,WAS,Rick Hamilton,LB,23,1996,0,0,0,3,1,34,0,0,0,0,0,0,0,0,0,0,0,,,1.5,Central Florida,,/players/H/HamiRi20.htm,
1993,3,72,RAI,James Trapp,DB,23,2003,0,0,1,19,12,149,0,0,0,0,0,0,0,0,0,0,0,,9,6.0,Clemson,,/players/T/TrapJa20.htm,
1993,3,73,RAM,Russell White,RB,22,1993,0,0,0,0,0,5,0,0,0,0,0,2,10,0,0,0,0,,,,California,College Stats,/players/W/WhitRu20.htm,http://www.sports-reference.com/cfb/players/russell-white-1.html
1993,3,74,KAN,Will Shields,G,21,2006,2,12,13,113,113,224,0,0,0,0,0,0,0,0,1,4,0,,,,Nebraska,College Stats,/players/S/ShieWi00.htm,http://www.sports-reference.com/cfb/players/will-shields-1.html
1993,3,75,PHI,Derrick Frazier,DB,23,1996,0,0,0,5,3,25,0,0,0,0,0,0,0,0,0,0,0,,1,,Texas A&M,,/players/F/FrazDe20.htm,
1993,3,76,PIT,Andre Hastings,WR,22,2000,0,0,4,26,15,104,0,0,0,0,0,13,156,0,266,3307,18,,,,Georgia,College Stats,/players/H/HastAn00.htm,http://www.sports-reference.com/cfb/players/andre-hastings-1.html
1993,3,77,PHI,Mike Reid,DB,22,1994,0,0,0,0,0,12,0,0,0,0,0,0,0,0,0,0,0,,,,North Carolina St.,,/players/R/ReidMi21.htm,
1993,3,78,MIA,Terry Kirby,RB,23,2002,0,0,2,48,22,110,4,6,85,3,0,761,2875,27,333,3222,12,,,,Virginia,College Stats,/players/K/KirbTe00.htm,http://www.sports-reference.com/cfb/players/terry-kirby-1.html
1993,3,79,MIN,Gilbert Brown,DT,22,2003,0,0,7,39,,125,0,0,0,0,0,0,0,0,0,0,0,,,7.0,Kansas,,/players/B/BrowGi20.htm,
1993,3,80,WAS,Ed Bunn,P,,,0,0,0,,,,,,,,,,,,,,,,,,Texas-El Paso,College Stats,,http://www.sports-reference.com/cfb/players/ed-bunn-1.html
1993,3,81,GNB,Earl Dotson,T,22,2002,0,0,6,43,43,120,0,0,0,0,0,0,0,0,0,0,0,,,,Texas A&M-Kingsville,,/players/D/DotsEa20.htm,
1993,3,82,TAM,John Lynch,DB,21,2007,2,9,12,87,69,224,0,0,0,0,0,1,40,0,0,0,0,,26,13.0,Stanford,College Stats,/players/L/LyncJo00.htm,http://www.sports-reference.com/cfb/players/john-lynch-1.html
1993,3,83,CLE,Mike Caldwell,LB,22,2003,0,0,2,32,7,159,0,0,0,0,0,0,0,0,0,0,0,,8,14.5,Middle Tenn. St.,,/players/C/CaldMi20.htm,
1993,3,84,DAL,Mike Middleton,DB,,,0,0,0,,,,,,,,,,,,,,,,,,Indiana,College Stats,,http://www.sports-reference.com/cfb/players/mike-middleton-1.html
1993,Rnd,Pick,Tm,Player,Pos,Age,To,AP1,PB,St,CarAV,DrAV,G,Cmp,Att,Yds,TD,Int,Att,Yds,TD,Rec,Yds,TD,,Int,Sk,College/Univ,,,
1993,4,85,SEA,Dean Wells,LB,23,2001,0,0,6,33,21,129,0,0,0,0,0,0,0,0,0,0,0,,3,2.5,Kentucky,,/players/W/WellDe20.htm,
1993,4,86,NWE,Kevin Johnson,DT,22,1997,0,0,1,7,,38,0,0,0,0,0,0,0,0,0,0,0,,,7.0,Texas Southern,,/players/J/JohnKe28.htm,
1993,4,87,PHO,Ronald Moore,RB,23,1998,0,0,2,13,12,77,0,1,0,0,0,624,2210,14,24,153,1,,,,Pittsburg St.,,/players/M/MoorRo01.htm,
1993,4,88,NYJ,David Ware,T,,,0,0,0,,,,,,,,,,,,,,,,,,Virginia,,,
1993,4,89,NOR,Lorenzo Neal,FB,22,2008,2,4,9,14,3,239,0,0,0,0,0,226,807,6,199,1086,12,,,,Fresno St.,College Stats,/players/N/NealLo00.htm,http://www.sports-reference.com/cfb/players/lorenzo-neal-1.html
1993,4,90,CIN,Marcello Simmons,DB,22,1993,0,0,0,1,1,16,0,0,0,0,0,0,0,0,0,0,0,,,,SMU,,/players/S/SimmMa20.htm,
1993,4,91,TAM,Rudy Harris,RB,21,1994,0,0,0,1,1,18,0,0,0,0,0,9,29,0,6,59,0,,,,Clemson,College Stats,/players/H/HarrRu20.htm,http://www.sports-reference.com/cfb/players/rudy-harris-1.html
1993,4,92,IND,Derwin Gray,DB,22,1998,0,0,0,6,6,67,0,0,0,0,0,0,0,0,0,0,0,,1,,BYU,,/players/G/GrayDe20.htm,
1993,4,93,NYG,Greg Bishop,G,22,1999,0,0,4,28,27,101,0,0,0,0,0,0,0,0,0,0,0,,,,Pacific,,/players/B/BishGr20.htm,
1993,4,94,DAL,Derrick Lassic,RB,23,1993,0,0,0,3,3,10,0,0,0,0,0,75,269,3,9,37,0,,,,Alabama,College Stats,/players/L/LassDe00.htm,http://www.sports-reference.com/cfb/players/derrick-lassic-1.html
1993,4,95,SDG,Raylee Johnson,DE,23,2004,0,0,3,29,27,159,0,0,0,0,0,0,0,0,0,0,0,,,47.0,Arkansas,,/players/J/JohnRa22.htm,
1993,4,96,DAL,Ron Stone,G,22,2005,0,3,9,60,1,173,0,0,0,0,0,0,0,0,0,0,0,,,,Boston Col.,,/players/S/StonRo00.htm,
1993,4,97,CHI,Todd Perry,G,22,2003,0,0,9,55,34,165,0,0,0,0,0,0,0,0,0,0,0,,,,Kentucky,,/players/P/PerrTo20.htm,
1993,4,98,DEN,Jeff Robinson,TE,23,2009,0,0,0,4,0,202,0,0,0,0,0,0,0,0,28,278,8,,,6.5,Idaho,,/players/R/RobiJe00.htm,
1993,4,99,SDG,Lewis Bush,LB,23,2002,0,0,6,36,29,141,0,0,0,0,0,0,0,0,0,0,0,,2,4.0,Washington St.,,/players/B/BushLe20.htm,
1993,4,100,CHI,Myron Baker,LB,22,1997,0,0,0,7,6,66,0,0,0,0,0,0,0,0,0,0,0,,,,Louisiana Tech,,/players/B/BakeMy20.htm,
1993,4,101,WAS,Sterling Palmer,DE,22,1996,0,0,3,17,17,49,0,0,0,0,0,0,0,0,0,0,0,,,11.0,Florida St.,,/players/P/PalmSt20.htm,
1993,4,102,HOU,Travis Hannah,WR,23,1995,0,0,0,1,1,37,0,0,0,0,0,1,5,0,13,166,0,,,,USC,College Stats,/players/H/HannTr00.htm,http://www.sports-reference.com/cfb/players/travis-hannah-1.html
1993,4,103,KAN,Jaime Fields,LB,23,1994,0,0,0,2,2,17,0,0,0,0,0,0,0,0,0,0,0,,,,Washington,,/players/F/FielJa20.htm,
1993,4,104,TAM,Horace Copeland,WR,22,1998,0,0,2,16,16,60,0,0,0,0,0,3,34,0,115,1977,7,,,,Miami (FL),College Stats,/players/C/CopeHo00.htm,http://www.sports-reference.com/cfb/players/horace-copeland-1.html
1993,4,105,MIA,Ronnie Bradford,DB,22,2002,0,0,7,30,,133,0,0,0,0,0,0,0,0,0,0,0,,13,2.0,Colorado,,/players/B/BradRo20.htm,
1993,4,106,MIN,Ashley Sheppard,LB,24,1995,0,0,0,2,2,21,0,0,0,0,0,0,0,0,0,0,0,,,1.5,Clemson,,/players/S/ShepAs20.htm,
1993,4,107,IND,Devon McDonald,LB,23,1996,0,0,0,6,5,63,0,0,0,0,0,0,0,0,0,0,0,,,1.0,Notre Dame,,/players/M/McDoDe20.htm,
1993,4,108,PIT,Kevin Henry,DE,24,2000,0,0,4,41,41,117,0,0,0,0,0,0,0,0,0,0,0,,2,14.0,Mississippi St.,,/players/H/HenrKe20.htm,
1993,4,109,NOR,Derek Brown,RB,22,1996,0,0,2,17,17,56,0,0,0,0,0,388,1383,6,108,918,3,,,,Nebraska,College Stats,/players/B/BrowDe01.htm,http://www.sports-reference.com/cfb/players/derek-brown-2.html
1993,4,110,NWE,Corwin Brown,DB,23,2000,0,0,1,15,9,120,0,0,0,0,0,0,0,0,1,26,0,,3,0.5,Michigan,,/players/B/BrowCo21.htm,
1993,4,111,BUF,Russell Copeland,WR,21,1998,0,0,1,13,12,72,0,0,0,0,0,2,-8,0,103,1460,2,,,,Memphis,College Stats,/players/C/CopeRu00.htm,http://www.sports-reference.com/cfb/players/russell-copeland-1.html
1993,4,112,CHI,Albert Fontenot,DE,22,2001,0,0,4,34,15,130,0,0,0,0,0,0,0,0,0,0,0,,1,27.5,Baylor,,/players/F/FontAl20.htm,
1993,Rnd,Pick,Tm,Player,Pos,Age,To,AP1,PB,St,CarAV,DrAV,G,Cmp,Att,Yds,TD,Int,Att,Yds,TD,Rec,Yds,TD,,Int,Sk,College/Univ,,,
1993,5,113,NWE,Scott Sisson,K,22,1996,0,0,2,0,-2,29,0,0,0,0,0,0,0,0,0,0,0,,,,Georgia Tech,,/players/S/sissosco01.htm,
1993,5,114,SEA,Terrence Warren,WR,24,1995,0,0,0,0,0,17,0,0,0,0,0,3,15,0,0,0,0,,,,Hampton,,/players/W/WarrTe20.htm,
1993,5,115,NYJ,Fred Baxter,TE,22,2003,0,0,3,7,7,134,0,0,0,0,0,0,0,0,100,1008,12,,,,Auburn,College Stats,/players/B/BaxtFr00.htm,http://www.sports-reference.com/cfb/players/fred-baxter-1.html
1993,5,116,SFO,Artie Smith,DE,23,1998,0,0,2,16,3,73,0,0,0,0,0,0,0,0,0,0,0,,,4.5,Louisiana Tech,,/players/S/SmitAr21.htm,
1993,5,117,CIN,Forey Duckett,DB,23,1994,0,0,0,0,0,7,0,0,0,0,0,0,0,0,0,0,0,,,,Nevada,,/players/D/DuckFo20.htm,
1993,5,118,GNB,Mark Brunell,QB,22,2011,0,3,11,96,0,193,2761,4640,32072,184,108,513,2421,15,0,0,0,,,,Washington,College Stats,/players/B/BrunMa00.htm,http://www.sports-reference.com/cfb/players/mark-brunell-1.html
1993,5,119,GNB,James Willis,LB,21,1999,0,0,3,22,2,93,0,0,0,0,0,0,0,0,0,0,0,,4,2.0,Auburn,,/players/W/WillJa28.htm,
1993,5,120,NYJ,Adrian Murrell,RB,22,2003,0,0,5,37,23,122,0,0,0,0,0,1375,5199,23,214,1369,5,,,,West Virginia,College Stats,/players/M/MurrAd00.htm,http://www.sports-reference.com/cfb/players/adrian-murrell-1.html
1993,5,121,ATL,Ron George,LB,23,2000,0,0,2,14,11,124,0,0,0,0,0,0,0,0,0,0,0,,,3.0,Stanford,,/players/G/GeorRo20.htm,
1993,5,122,RAM,Sean LaChapelle,WR,23,1996,0,0,1,4,0,22,0,0,0,0,0,0,0,0,29,445,2,,,,UCLA,College Stats,/players/L/LaChSe00.htm,http://www.sports-reference.com/cfb/players/sean-lachapelle-1.html
1993,5,123,NYG,Tommy Thigpen,LB,,,0,0,0,,,,,,,,,,,,,,,,,,North Carolina,,,
1993,5,124,CLE,Herman Arvie,T,22,1996,0,0,0,7,5,62,0,0,0,0,0,0,0,0,1,1,1,,,,Grambling St.,,/players/A/ArviHe20.htm,
1993,5,125,RAI,Olanda Truitt,WR,22,1997,0,0,0,3,1,46,0,0,0,0,0,0,0,0,22,374,3,,,,Mississippi St.,College Stats,/players/T/TruiOl00.htm,http://www.sports-reference.com/cfb/players/olanda-truitt-1.html
1993,5,126,DEN,Kevin Williams,RB,23,1993,0,0,0,0,,3,0,0,0,0,0,0,0,0,0,0,0,,,,UCLA,College Stats,/players/W/WillKe23.htm,http://www.sports-reference.com/cfb/players/kevin-williams-3.html
1993,5,127,RAM,Chuck Belin,G,22,1996,0,0,0,3,3,21,0,0,0,0,0,0,0,0,0,0,0,,,,Wisconsin,College Stats,/players/B/BeliCh20.htm,http://www.sports-reference.com/cfb/players/chuck-belin-1.html
1993,5,128,WAS,Greg Huntington,C,22,1998,0,0,0,1,1,18,0,0,0,0,0,0,0,0,0,0,0,,,,Penn St.,,/players/H/HuntGr20.htm,
1993,5,129,NYJ,Kenny Shedd,WR,22,2000,0,0,0,2,,60,0,0,0,0,0,0,0,0,16,252,1,,,,Northern Iowa,,/players/S/ShedKe00.htm,
1993,5,130,KAN,Lindsay Knapp,G,23,1996,0,0,0,1,0,11,0,0,0,0,0,0,0,0,0,0,0,,,,Notre Dame,,/players/K/KnapLi20.htm,
1993,5,131,HOU,John Henry Mills,LB,23,1999,0,1,0,8,7,100,0,0,0,0,0,0,0,0,4,34,0,,,,Wake Forest,College Stats,/players/M/MillJo00.htm,http://www.sports-reference.com/cfb/players/john-henry-mills-1.html
1993,5,132,MIA,Chris Gray,G,23,2007,0,0,10,64,8,208,0,0,0,0,0,0,0,0,0,0,0,,,,Auburn,College Stats,/players/G/GrayCh20.htm,http://www.sports-reference.com/cfb/players/chris-gray-1.html
1993,5,133,MIN,Everett Lindsay,T,22,2003,0,0,3,28,18,136,0,0,0,0,0,0,0,0,0,0,0,,,,Mississippi,College Stats,/players/L/LindEv20.htm,http://www.sports-reference.com/cfb/players/everett-lindsay-1.html
1993,5,134,SDG,Walter Dunson,WR,,,0,0,0,,,,,,,,,,,,,,,,,,Middle Tenn. St.,,,
1993,5,135,PIT,Lonnie Palelei,G,22,1999,0,0,2,12,0,44,0,0,0,0,0,0,0,0,0,0,0,,,,UNLV,,/players/P/PaleLo20.htm,
1993,5,136,BUF,Mike Devlin,C,23,1999,0,0,2,15,2,101,0,0,0,0,0,0,0,0,0,0,0,,,,Iowa,,/players/D/DevlMi20.htm,
1993,5,137,NOR,Tyrone Hughes,DB,23,1998,0,1,0,9,8,81,0,0,0,0,0,3,9,0,8,68,0,,4,,Nebraska,College Stats,/players/H/HughTy00.htm,http://www.sports-reference.com/cfb/players/tyrone-hughes-1.html
1993,5,138,NWE,Rich Griffith,TE,24,2000,0,0,1,2,0,90,0,0,0,0,0,0,0,0,21,296,0,,,,Arizona,College Stats,/players/G/GrifRi00.htm,http://www.sports-reference.com/cfb/players/richard-griffith-1.html
1993,5,139,BUF,Sebastian Savage,DB,23,1995,0,0,0,0,,3,0,0,0,0,0,0,0,0,0,0,0,,,,North Carolina St.,,/players/S/SavaSe20.htm,
1993,5,140,PIT,Marc Woodard,LB,23,1996,0,0,0,4,,48,0,0,0,0,0,0,0,0,0,0,0,,,1.5,Mississippi St.,,/players/W/WoodMa21.htm,
1993,Rnd,Pick,Tm,Player,Pos,Age,To,AP1,PB,St,CarAV,DrAV,G,Cmp,Att,Yds,TD,Int,Att,Yds,TD,Rec,Yds,TD,,Int,Sk,College/Univ,,,
1993,6,141,GNB,Doug Evans,DB,23,2003,0,0,8,55,33,163,0,0,0,0,0,0,0,0,0,0,0,,28,6.0,Louisiana Tech,,/players/E/EvanDo21.htm,
1993,6,142,NWE,Lawrence Hatch,DB,,,0,0,0,,,,,,,,,,,,,,,,,,Florida,College Stats,,http://www.sports-reference.com/cfb/players/lawrence-hatch-1.html
1993,6,143,PHO,Brett Wallerstedt,LB,22,1997,0,0,0,4,1,30,0,0,0,0,0,0,0,0,0,0,0,,,,Arizona St.,,/players/W/WallBr20.htm,
1993,6,144,NYJ,Richie Anderson,FB,21,2004,0,1,5,29,22,161,1,4,26,1,0,318,1274,4,400,3149,14,,,,Penn St.,College Stats,/players/A/AndeRi00.htm,http://www.sports-reference.com/cfb/players/richie-anderson-1.html
1993,6,145,TAM,Chidi Ahanotu,DE,22,2004,0,0,7,58,45,174,0,0,0,0,0,0,0,0,0,0,0,,,46.5,California,,/players/A/AhanCh20.htm,
1993,6,146,CHI,Dave Hoffmann,LB,23,1993,0,0,0,0,,1,0,0,0,0,0,0,0,0,0,0,0,,,,Washington,College Stats,/players/H/HoffDa20.htm,http://www.sports-reference.com/cfb/players/dave-hoffmann-1.html
1993,6,147,DET,Greg Jeffries,DB,21,2000,0,0,0,9,8,110,0,0,0,0,0,0,0,0,0,0,0,,3,1.5,Virginia,,/players/J/JeffGr21.htm,
1993,6,148,CIN,Tom Scott,T,23,1993,0,0,1,5,5,13,0,0,0,0,0,0,0,0,0,0,0,,,,East Carolina,,/players/S/ScotTo20.htm,
1993,6,149,RAM,Deral Boykin,DB,23,1996,0,0,0,2,0,43,0,0,0,0,0,0,0,0,0,0,0,,,,Louisville,College Stats,/players/B/BoykDe20.htm,http://www.sports-reference.com/cfb/players/deral-boykin-1.html
1993,6,150,NYG,Scott Davis,G,23,1997,0,0,0,4,3,21,0,0,0,0,0,0,0,0,0,0,0,,,,Iowa,,/players/D/DaviSc21.htm,
1993,6,151,ATL,Mitch Lyons,TE,23,1999,0,0,1,3,2,90,0,0,0,0,0,0,0,0,39,345,1,,,,Michigan St.,College Stats,/players/L/LyonMi00.htm,http://www.sports-reference.com/cfb/players/mitch-lyons-1.html
1993,6,152,GNB,Paul Hutchins,T,23,1994,0,0,0,2,2,17,0,0,0,0,0,0,0,0,0,0,0,,,,West. Michigan,,/players/H/HutcPa20.htm,
1993,6,153,CLE,Rich McKenzie,LB,22,1995,0,0,0,1,1,8,0,0,0,0,0,0,0,0,0,0,0,,,1.5,Penn St.,,/players/M/McKeRi20.htm,
1993,6,154,DEN,Melvin Bonner,WR,23,1993,0,0,0,0,0,3,0,0,0,0,0,0,0,0,0,0,0,,,,Baylor,College Stats,/players/B/BonnMe20.htm,http://www.sports-reference.com/cfb/players/melvin-bonner-1.html
1993,6,155,WAS,Darryl Morrison,DB,22,1996,0,0,2,12,12,48,0,0,0,0,0,0,0,0,0,0,0,,1,,Arizona,,/players/M/MorrDa20.htm,
1993,6,156,GNB,Tim Watson,DB,23,1997,0,0,0,0,,13,0,0,0,0,0,0,0,0,0,0,0,,,,Howard,,/players/W/WatsTi20.htm,
1993,6,157,IND,Carlos Etheredge,TE,23,1994,0,0,0,0,0,9,0,0,0,0,0,0,0,0,1,6,0,,,,Miami (FL),College Stats,/players/E/EtheCa20.htm,http://www.sports-reference.com/cfb/players/carlos-etheredge-1.html
1993,6,158,HOU,Chuck Bradley,T,23,1993,0,0,0,0,,1,0,0,0,0,0,0,0,0,0,0,0,,,,Kentucky,,/players/B/BradCh20.htm,
1993,6,159,KAN,Darius Turner,RB,,,0,0,0,,,,,,,,,,,,,,,,,,Washington,College Stats,,http://www.sports-reference.com/cfb/players/darius-turner-1.html
1993,6,160,WAS,Frank Wycheck,TE,21,2003,0,3,9,43,1,155,5,6,148,2,0,4,5,1,505,5126,28,,,,Maryland,College Stats,/players/W/WychFr00.htm,http://www.sports-reference.com/cfb/players/frank-wycheck-1.html
1993,6,161,SDG,Eric Castle,DB,23,1996,0,0,0,3,3,53,0,0,0,0,0,0,0,0,0,0,0,,,,Oregon,,/players/C/CastEr20.htm,
1993,6,162,PIT,Willie Williams,DB,22,2005,0,0,7,45,17,188,0,0,0,0,0,0,0,0,0,0,0,,26,4.0,West. Carolina,,/players/W/WillWi21.htm,
1993,6,163,PHI,Derrick Oden,LB,22,1995,0,0,0,3,3,35,0,0,0,0,0,0,0,0,0,0,0,,,,Alabama,,/players/O/OdenDe20.htm,
1993,6,164,MIA,Robert O'Neal,DB,22,1994,0,0,0,0,,2,0,0,0,0,0,0,0,0,0,0,0,,,,Clemson,,/players/O/ONeaRo20.htm,
1993,6,165,NOR,Ronnie Dixon,DT,22,1998,0,0,1,10,0,43,0,0,0,0,0,0,0,0,0,0,0,,,,Cincinnati,,/players/D/DixoRo20.htm,
1993,6,166,SFO,Chris Dalman,C,23,1999,0,0,4,36,36,105,0,0,0,0,0,0,0,0,1,-1,0,,,,Stanford,,/players/D/DalmCh20.htm,
1993,6,167,BUF,Corbin Lacina,G,22,2003,0,0,6,38,11,129,0,0,0,0,0,0,0,0,0,0,0,,,,Augustana (SD),,/players/L/LaciCo20.htm,
1993,6,168,DAL,Barry Minter,LB,23,2001,0,0,3,32,,111,0,0,0,0,0,0,0,0,0,0,0,,5,11.5,Tulsa,,/players/M/MintBa20.htm,
1993,Rnd,Pick,Tm,Player,Pos,Age,To,AP1,PB,St,CarAV,DrAV,G,Cmp,Att,Yds,TD,Int,Att,Yds,TD,Rec,Yds,TD,,Int,Sk,College/Univ,,,
1993,7,169,DEN,Clarence Williams,TE,24,1993,0,0,0,0,,7,0,0,0,0,0,0,0,0,1,14,0,,,,Washington St.,College Stats,/players/W/WillCl21.htm,http://www.sports-reference.com/cfb/players/clarence-williams-2.html
1993,7,170,SEA,Michael McCrary,DE,23,2002,0,2,6,54,7,136,0,0,0,0,0,0,0,0,0,0,0,,1,71.0,Wake Forest,,/players/M/McCrMi00.htm,
1993,7,171,NYJ,Alec Millen,T,,,0,0,0,,,,,,,,,,,,,,,,,,Georgia,,,
1993,7,172,PHO,Will White,DB,,,0,0,0,,,,,,,,,,,,,,,,,,Florida,College Stats,,http://www.sports-reference.com/cfb/players/will-white-1.html
1993,7,173,CHI,Keshon Johnson,DB,23,1995,0,0,0,3,2,40,0,0,0,0,0,0,0,0,0,0,0,,1,,Arizona,,/players/J/JohnKe27.htm,
1993,7,174,DET,Ty Hallock,RB,22,2000,0,0,3,6,2,86,0,0,0,0,0,17,62,1,65,487,3,,,,Michigan St.,College Stats,/players/H/HallTy00.htm,http://www.sports-reference.com/cfb/players/ty-hallock-1.html
1993,7,175,CIN,Lance Gunn,DB,23,1993,0,0,1,3,3,8,0,0,0,0,0,0,0,0,0,0,0,,,,Texas,,/players/G/GunnLa20.htm,
1993,7,176,TAM,Tyree Davis,WR,22,1997,0,0,0,0,0,14,0,0,0,0,0,0,0,0,2,48,0,,,,Central Arkansas,,/players/D/DaviTy20.htm,
1993,7,177,NYG,Todd Peterson,K,23,2005,0,0,10,27,,159,0,0,0,0,0,0,0,0,0,0,0,,,,Georgia,,/players/P/petertod01.htm,
1993,7,178,ATL,Darnell Walker,DB,23,2000,0,0,5,25,10,120,0,0,0,0,0,0,0,0,0,0,0,,16,3.0,Oklahoma,,/players/W/WalkDa20.htm,
1993,7,179,RAM,Brad Fichtel,C,23,1994,0,0,0,0,0,1,0,0,0,0,0,0,0,0,0,0,0,,,,East. Illinois,,/players/F/FichBr20.htm,
1993,7,180,CLE,Travis Hill,LB,23,1995,0,0,0,1,1,21,0,0,0,0,0,0,0,0,0,0,0,,,,Nebraska,,/players/H/HillTr20.htm,
1993,7,181,RAI,Greg Biekert,LB,24,2003,0,0,9,59,51,176,0,0,0,0,0,0,0,0,0,0,0,,7,16.0,Colorado,,/players/B/BiekGr20.htm,
1993,7,182,DEN,Tony Kimbrough,WR,22,1994,0,0,0,1,1,27,0,0,0,0,0,0,0,0,10,99,0,,,,Jackson St.,,/players/K/KimbTo00.htm,
1993,7,183,GNB,Bob Kuberski,DT,22,1999,0,0,0,5,5,42,0,0,0,0,0,0,0,0,0,0,0,,,2.0,Navy,,/players/K/KubeBo20.htm,
1993,7,184,IND,Lance Lewis,RB,,,0,0,0,,,,,,,,,,,,,,,,,,Nebraska,College Stats,,http://www.sports-reference.com/cfb/players/lance-lewis-2.html
1993,7,185,PIT,Jeff Zgonina,DT,23,2009,0,0,3,40,2,219,0,0,0,0,0,0,0,0,0,0,0,,1,26.0,Purdue,College Stats,/players/Z/ZgonJe20.htm,http://www.sports-reference.com/cfb/players/jeff-zgonina-1.html
1993,7,186,KAN,Danan Hughes,WR,22,1998,0,0,0,5,5,85,2,2,55,0,0,1,5,0,46,425,4,,,,Iowa,College Stats,/players/H/HughDa00.htm,http://www.sports-reference.com/cfb/players/danan-hughes-1.html
1993,7,187,HOU,Patrick Robinson,WR,23,1994,0,0,0,1,,30,0,0,0,0,0,1,6,0,9,77,0,,,,Tennessee St.,,/players/R/RobiPa20.htm,
1993,7,188,SDG,Doug Miller,LB,23,1994,0,0,0,2,2,23,0,0,0,0,0,0,0,0,0,0,0,,,,South Dakota St.,,/players/M/MillDo23.htm,
1993,7,189,PIT,Craig Keith,TE,22,1995,0,0,0,0,0,28,0,0,0,0,0,0,0,0,4,22,0,,,,Lenoir-Rhyne,,/players/K/KeitCr20.htm,
1993,7,190,PHI,Joey Mickey,TE,22,1993,0,0,0,0,,5,0,0,0,0,0,0,0,0,0,0,0,,,,Oklahoma,College Stats,/players/M/MickJo20.htm,http://www.sports-reference.com/cfb/players/joey-mickey-1.html
1993,7,191,MIA,David Merritt,LB,21,1995,0,0,0,3,0,38,0,0,0,0,0,0,0,0,0,0,0,,,,North Carolina St.,,/players/M/MerrDa20.htm,
1993,7,192,MIN,Gino Torretta,QB,23,1996,0,0,0,0,0,2,5,16,41,1,1,2,12,0,0,0,0,,,,Miami (FL),College Stats,/players/T/ToreGi00.htm,http://www.sports-reference.com/cfb/players/gino-torretta-1.html
1993,7,193,NOR,Othello Henderson,DB,21,1994,0,0,0,2,2,21,0,0,0,0,0,0,0,0,0,0,0,,,,UCLA,,/players/H/HendOt20.htm,
1993,7,194,SFO,Troy Wilson,DE,22,2001,0,0,0,7,2,62,0,0,0,0,0,0,0,0,0,0,0,,,15.5,Pittsburg St.,,/players/W/WilsTr21.htm,
1993,7,195,BUF,Willie Harris,WR,,,0,0,0,,,,,,,,,,,,,,,,,,Mississippi St.,College Stats,,http://www.sports-reference.com/cfb/players/willie-harris-3.html
1993,7,196,DAL,Brock Marion,DB,23,2004,0,3,10,56,14,182,0,0,0,0,0,0,0,0,0,0,0,,31,2.0,Nevada,,/players/M/MariBr00.htm,
1993,Rnd,Pick,Tm,Player,Pos,Age,To,AP1,PB,St,CarAV,DrAV,G,Cmp,Att,Yds,TD,Int,Att,Yds,TD,Rec,Yds,TD,,Int,Sk,College/Univ,,,
1993,8,197,SEA,Jeff Blackshear,G,24,2002,0,0,6,40,9,128,0,0,0,0,0,0,0,0,0,0,0,,,,La-Monroe,,/players/B/BlacJe20.htm,
1993,8,198,NWE,Troy Brown,WR,22,2007,0,1,5,55,55,192,0,1,0,0,0,29,178,0,557,6366,31,,3,,Marshall,,/players/B/BrowTr00.htm,
1993,8,199,PHO,Chad Brown,DE,22,1995,0,0,0,7,7,18,0,0,0,0,0,0,0,0,0,0,0,,,0.5,Mississippi,,/players/B/BrowCh20.htm,
1993,8,200,NYJ,Craig Hentrich,P,22,2009,1,2,15,25,,241,7,16,91,0,1,9,-1,0,0,0,0,,,,Notre Dame,College Stats,/players/H/hentrcra01.htm,http://www.sports-reference.com/cfb/players/craig-hentrich-1.html
1993,8,201,DET,Kevin Miniefield,DB,23,1997,0,0,0,8,,51,0,0,0,0,0,0,0,0,0,0,0,,3,1.5,Arizona St.,,/players/M/MiniKe20.htm,
1993,8,202,CIN,Doug Pelfrey,K,22,1999,0,0,7,18,18,111,0,1,0,0,0,0,0,0,0,0,0,,,,Kentucky,,/players/P/pelfrdou01.htm,
1993,8,203,DAL,Dave Thomas,DB,25,2001,0,0,3,26,1,130,0,0,0,0,0,0,0,0,0,0,0,,9,,Tennessee,,/players/T/ThomDa21.htm,
1993,8,204,SEA,Antonio Edwards,DE,23,1999,0,0,1,18,13,82,0,0,0,0,0,0,0,0,0,0,0,,,16.0,Valdosta St.,,/players/E/EdwaAn20.htm,
1993,8,205,ATL,Shannon Baker,WR,22,1994,0,0,0,0,,4,0,0,0,0,0,0,0,0,2,15,0,,,,Florida St.,College Stats,/players/B/BakeSh20.htm,http://www.sports-reference.com/cfb/players/shannon-baker-1.html
1993,8,206,RAM,Jeff Buffaloe,P,,,0,0,0,,,,,,,,,,,,,,,,,,Memphis,College Stats,,http://www.sports-reference.com/cfb/players/jeff-buffaloe-1.html
1993,8,207,NYG,Jessie Armstead,LB,22,2003,1,5,8,88,78,176,0,0,0,0,0,0,0,0,0,0,0,,12,40.0,Miami (FL),,/players/A/ArmsJe00.htm,
1993,8,208,RAI,Greg Robinson,RB,24,1996,0,0,1,7,5,28,0,0,0,0,0,228,890,2,18,160,0,,,,La-Monroe,,/players/R/RobiGr00.htm,
1993,8,209,RAM,Maa Tanuvasa,DE,22,2001,0,0,2,28,,82,0,0,0,0,0,0,0,0,0,0,0,,,34.0,Hawaii,,/players/T/TanuMa20.htm,
1993,8,210,DEN,Brian Stablein,WR,23,2000,0,0,0,6,,87,0,0,0,0,0,0,0,0,77,792,3,,,,Ohio St.,College Stats,/players/S/StabBr00.htm,http://www.sports-reference.com/cfb/players/brian-stablein-1.html
1993,8,211,IND,Marquise Thomas,LB,,,0,0,0,,,,,,,,,,,,,,,,,,Mississippi,,,
1993,8,212,WAS,Lamont Hollinquest,LB,22,1998,0,0,0,6,2,76,0,0,0,0,0,0,0,0,0,0,0,,2,0.5,USC,,/players/H/HollLa20.htm,
1993,8,213,DAL,Reggie Givens,LB,21,2000,0,0,0,3,,41,0,0,0,0,0,0,0,0,0,0,0,,,,Penn St.,,/players/G/GiveRe20.htm,
1993,8,214,HOU,Blaine Bishop,DB,23,2002,0,4,8,55,52,138,0,0,0,0,0,0,0,0,0,0,0,,5,15.5,Ball St.,,/players/B/BishBl00.htm,
1993,8,215,PHO,Stevie Anderson,WR,23,1996,0,0,0,2,1,23,0,0,0,0,0,0,0,0,16,188,1,,,,Grambling St.,,/players/A/AndeSt00.htm,
1993,8,216,PIT,Alex Van Pelt,QB,23,2003,0,0,1,7,,31,262,477,2985,16,24,32,53,1,0,0,0,,,,Pittsburgh,College Stats,/players/V/VanPAl00.htm,http://www.sports-reference.com/cfb/players/alex-van-pelt-1.html
1993,8,217,PHI,Doug Skene,G,23,1994,0,0,0,3,,6,0,0,0,0,0,0,0,0,0,0,0,,,,Michigan,,/players/S/SkenDo20.htm,
1993,8,218,MIA,Dwayne Gordon,LB,23,2000,0,0,1,17,,113,0,0,0,0,0,0,0,0,0,0,0,,1,3.0,New Hampshire,,/players/G/GordDw20.htm,
1993,8,219,SFO,Elvis Grbac,QB,23,2001,0,1,4,46,8,105,1446,2445,16774,99,81,163,388,7,0,0,0,,,,Michigan,College Stats,/players/G/GrbaEl00.htm,http://www.sports-reference.com/cfb/players/elvis-grbac-1.html
1993,8,220,TAM,Darrick Branch,WR,,,0,0,0,,,,,,,,,,,,,,,,,,Hawaii,College Stats,,http://www.sports-reference.com/cfb/players/darrick-branch-1.html
1993,8,221,NOR,Jon Kirksey,DT,23,1996,0,0,0,1,,11,0,0,0,0,0,0,0,0,0,0,0,,,,Sacramento St.,,/players/K/KirkJo20.htm,
1993,8,222,SDG,Trent Green,QB,23,2008,0,2,7,94,,120,2266,3740,28475,162,114,243,914,6,3,-7,0,,,,Indiana,College Stats,/players/G/GreeTr00.htm,http://www.sports-reference.com/cfb/players/trent-green-1.html
1993,8,223,BUF,Chris Luneberg,T,,,0,0,0,,,,,,,,,,,,,,,,,,West Chester,,,
1993,8,224,TAM,Daron Alcorn,K,,,0,0,0,,,,,,,,,,,,,,,,,,Akron,College Stats,,http://www.sports-reference.com/cfb/players/daron-alcorn-1.html
1994,1,1,CIN,Dan Wilkinson,DT,21,2006,0,0,12,60,16,195,0,0,0,0,0,0,0,0,0,0,0,298,5,54.5,Ohio St.,College Stats,/players/W/WilkDa22.htm,http://www.sports-reference.com/cfb/players/dan-wilkinson-1.html
1994,1,2,IND,Marshall Faulk,RB,21,2005,3,7,11,133,52,176,0,2,0,0,0,2836,12279,100,767,6875,36,9,,,San Diego St.,College Stats,/players/F/FaulMa00.htm,http://www.sports-reference.com/cfb/players/marshall-faulk-1.html
1994,1,3,WAS,Heath Shuler,QB,22,1997,0,0,2,6,6,29,292,593,3691,15,33,67,198,1,0,0,0,,,,Tennessee,College Stats,/players/S/ShulHe00.htm,http://www.sports-reference.com/cfb/players/heath-shuler-1.html
1994,1,4,NWE,Willie McGinest,DE,22,2008,0,2,12,75,65,212,0,0,0,0,0,0,0,0,0,0,0,583,5,86.0,USC,,/players/M/McGiWi00.htm,
1994,1,5,IND,Trev Alberts,LB,24,1996,0,0,0,4,4,29,0,0,0,0,0,0,0,0,0,0,0,49,1,4.0,Nebraska,College Stats,/players/A/AlbeTr20.htm,http://www.sports-reference.com/cfb/players/trev-alberts-1.html
1994,1,6,TAM,Trent Dilfer,QB,22,2007,0,1,6,51,39,130,1759,3172,20518,113,129,248,853,5,2,-6,0,7,,,Fresno St.,College Stats,/players/D/DilfTr00.htm,http://www.sports-reference.com/cfb/players/trent-dilfer-1.html
1994,1,7,SFO,Bryant Young,DT,22,2007,1,4,14,88,88,208,0,0,0,0,0,0,0,0,0,0,0,510,,89.5,Notre Dame,,/players/Y/YounBr00.htm,
1994,1,8,SEA,Sam Adams,DT,21,2007,0,3,12,76,21,206,0,0,0,0,0,0,0,0,0,0,0,306,3,44.0,Texas A&M,College Stats,/players/A/AdamSa00.htm,http://www.sports-reference.com/cfb/players/sam-adams-1.html
1994,1,9,CLE,Antonio Langham,DB,22,2000,0,0,4,29,13,102,0,0,0,0,0,0,0,0,0,0,0,314,14,1.0,Alabama,College Stats,/players/L/LangAn20.htm,http://www.sports-reference.com/cfb/players/antonio-langham-1.html
1994,1,10,ARI,Jamir Miller,LB,20,2001,1,1,7,46,21,121,0,0,0,0,0,0,0,0,0,0,0,478,2,36.0,UCLA,College Stats,/players/M/MillJa01.htm,http://www.sports-reference.com/cfb/players/jamir-miller-1.html
1994,1,11,CHI,John Thierry,DE,23,2002,0,0,5,33,14,131,0,0,0,0,0,0,0,0,0,0,0,159,2,33.5,Alcorn St.,,/players/T/ThieJo20.htm,
1994,1,12,NYJ,Aaron Glenn,DB,22,2008,0,3,11,71,49,205,0,0,0,0,0,0,0,0,0,0,0,549,41,1.0,Texas A&M,College Stats,/players/G/GlenAa00.htm,http://www.sports-reference.com/cfb/players/aaron-glenn-1.html
1994,1,13,NOR,Joe Johnson,DE,22,2003,0,2,7,50,46,117,0,0,0,0,0,0,0,0,0,0,0,318,,52.5,Louisville,,/players/J/JohnJo04.htm,
1994,1,14,PHI,Bernard Williams,T,22,1994,0,0,1,8,8,16,0,0,0,0,0,0,0,0,0,0,0,,,,Georgia,,/players/W/WillBe21.htm,
1994,1,15,RAM,Wayne Gandy,T,23,2008,0,0,13,71,19,219,0,0,0,0,0,0,0,0,0,0,0,,,,Auburn,College Stats,/players/G/GandWa20.htm,http://www.sports-reference.com/cfb/players/wayne-gandy-1.html
1994,1,16,GNB,Aaron Taylor,G,21,1999,0,0,5,35,26,75,0,0,0,0,0,0,0,0,0,0,0,,,,Notre Dame,College Stats,/players/T/TaylAa20.htm,http://www.sports-reference.com/cfb/players/aaron-taylor-1.html
1994,1,17,PIT,Charles Johnson,WR,22,2002,0,0,7,38,29,133,0,0,0,0,0,11,11,0,354,4606,24,10,,,Colorado,College Stats,/players/J/JohnCh00.htm,http://www.sports-reference.com/cfb/players/charles-e-johnson-1.html
1994,1,18,MIN,Dewayne Washington,DB,21,2005,0,0,11,64,21,191,0,0,0,0,0,0,0,0,0,0,0,707,31,1.0,North Carolina St.,,/players/W/WashDe20.htm,
1994,1,19,MIN,Todd Steussie,T,23,2007,0,2,11,76,56,213,0,0,0,0,0,0,0,0,0,0,0,,,,California,,/players/S/SteuTo00.htm,
1994,1,20,MIA,Tim Bowens,DT,21,2004,0,2,9,63,63,157,0,0,0,0,0,0,0,0,0,0,0,296,1,22.0,Mississippi,,/players/B/BoweTi00.htm,
1994,1,21,DET,Johnnie Morton,WR,22,2005,0,0,9,70,49,182,0,0,0,0,0,46,404,0,624,8719,43,8,,,USC,College Stats,/players/M/MortJo00.htm,http://www.sports-reference.com/cfb/players/johnnie-morton-1.html
1994,1,22,RAI,Rob Fredrickson,LB,23,2002,0,0,8,44,20,128,0,0,0,0,0,0,0,0,0,0,0,540,5,15.5,Michigan St.,,/players/F/FredRo20.htm,
1994,1,23,DAL,Shante Carver,DE,23,1997,0,0,2,15,15,52,0,0,0,0,0,0,0,0,0,0,0,55,,11.5,Arizona St.,,/players/C/CarvSh20.htm,
1994,1,24,NYG,Thomas Lewis,WR,22,1997,0,0,1,9,9,34,0,0,0,0,0,0,0,0,74,1032,5,,,,Indiana,College Stats,/players/L/LewiTh00.htm,http://www.sports-reference.com/cfb/players/thomas-lewis-1.html
1994,1,25,KAN,Greg Hill,RB,22,1999,0,0,2,23,17,79,0,0,0,0,0,772,3218,12,52,406,1,,,,Texas A&M,College Stats,/players/H/HillGr00.htm,http://www.sports-reference.com/cfb/players/greg-hill-4.html
1994,1,26,HOU,Henry Ford,DT,22,2003,0,0,5,38,38,133,0,0,0,0,0,0,0,0,0,0,0,180,,24.0,Arkansas,,/players/F/FordHe21.htm,
1994,1,27,BUF,Jeff Burris,DB,22,2003,0,0,9,41,17,144,0,0,0,0,0,0,0,0,0,0,0,453,19,5.0,Notre Dame,College Stats,/players/B/BurrJe20.htm,http://www.sports-reference.com/cfb/players/jeff-burris-1.html
1994,1,28,SFO,William Floyd,FB,22,2000,0,0,6,22,18,90,0,1,0,0,1,355,1141,20,191,1427,5,,,,Florida St.,College Stats,/players/F/FloyWi00.htm,http://www.sports-reference.com/cfb/players/william-floyd-1.html
1994,1,29,CLE,Derrick Alexander,WR,22,2002,0,0,6,56,8,126,0,0,0,0,0,16,210,1,417,6971,40,2,,,Michigan,College Stats,/players/A/AlexDe00.htm,http://www.sports-reference.com/cfb/players/derrick-alexander-1.html
1994,Rnd,Pick,Tm,Player,Pos,Age,To,AP1,PB,St,CarAV,DrAV,G,Cmp,Att,Yds,TD,Int,Att,Yds,TD,Rec,Yds,TD,Solo,Int,Sk,College/Univ,,,
1994,2,30,CIN,Darnay Scott,WR,22,2002,0,0,7,47,46,124,1,1,53,0,0,22,151,0,408,6193,37,5,,,San Diego St.,College Stats,/players/S/ScotDa00.htm,http://www.sports-reference.com/cfb/players/darnay-scott-1.html
1994,2,31,WAS,Tre' Johnson,G,23,2002,0,1,5,40,39,93,0,0,0,0,0,0,0,0,0,0,0,,,,Temple,,/players/J/JohnTr03.htm,
1994,2,32,IND,Eric Mahlum,G,23,1996,0,0,1,11,11,36,0,0,0,0,0,0,0,0,0,0,0,,,,California,College Stats,/players/M/MahlEr20.htm,http://www.sports-reference.com/cfb/players/eric-mahlum-1.html
1994,2,33,RAM,Isaac Bruce,WR,21,2009,0,4,13,102,97,223,3,8,81,0,1,25,139,0,1024,15208,91,19,,,Memphis,College Stats,/players/B/BrucIs00.htm,http://www.sports-reference.com/cfb/players/isaac-bruce-1.html
1994,2,34,TAM,Errict Rhett,RB,23,2000,0,0,4,26,18,86,0,0,0,0,0,1174,4143,29,89,552,3,,,,Florida,College Stats,/players/R/RhetEr00.htm,http://www.sports-reference.com/cfb/players/errict-rhett-1.html
1994,2,35,NWE,Kevin Lee,WR,23,1996,0,0,0,1,1,9,0,0,0,0,0,1,4,0,8,107,0,,,,Alabama,College Stats,/players/L/LeexKe00.htm,http://www.sports-reference.com/cfb/players/kevin-lee-1.html
1994,2,36,SEA,Kevin Mawae,C,23,2009,3,8,15,107,15,241,0,0,0,0,0,0,0,0,0,0,0,3,,,LSU,,/players/M/MawaKe00.htm,
1994,2,37,PHI,Bruce Walker,NT,22,1995,0,0,0,3,,11,0,0,0,0,0,0,0,0,0,0,0,16,,,UCLA,,/players/W/WalkBr22.htm,
1994,2,38,ARI,Chuck Levy,RB,22,1998,0,0,0,4,0,37,0,0,0,0,0,44,217,1,24,167,0,,,,Arizona,College Stats,/players/L/LevyCh00.htm,http://www.sports-reference.com/cfb/players/chuck-levy-1.html
1994,2,39,CHI,Marcus Spears,T,22,2004,0,0,1,15,1,103,0,0,0,0,0,0,0,0,1,1,1,,,,NW State (LA),,/players/S/SpeaMa20.htm,
1994,2,40,MIN,David Palmer,WR,21,2000,0,0,0,9,9,84,0,0,0,0,0,34,125,1,73,631,1,,,,Alabama,College Stats,/players/P/PalmDa00.htm,http://www.sports-reference.com/cfb/players/david-palmer-2.html
1994,2,41,NYJ,Ryan Yarborough,WR,23,1998,0,0,0,2,1,51,0,0,0,0,0,0,0,0,44,494,3,,,,Wyoming,College Stats,/players/Y/YarbRy00.htm,http://www.sports-reference.com/cfb/players/ryan-yarborough-1.html
1994,2,42,PHI,Charlie Garner,RB,22,2004,0,1,5,73,11,147,0,0,0,0,0,1537,7097,39,419,3711,12,3,,,Tennessee,College Stats,/players/G/GarnCh00.htm,http://www.sports-reference.com/cfb/players/charlie-garner-1.html
1994,2,43,SDG,Isaac Davis,G,22,1997,0,0,2,14,13,58,0,0,0,0,0,0,0,0,0,0,0,,,,Arkansas,College Stats,/players/D/DaviIs20.htm,http://www.sports-reference.com/cfb/players/isaac-davis-1.html
1994,2,44,NOR,Mario Bates,RB,21,2000,0,0,3,20,17,98,1,1,21,1,0,841,3048,38,65,419,0,,,,Arizona St.,College Stats,/players/B/BateMa00.htm,http://www.sports-reference.com/cfb/players/mario-bates-1.html
1994,2,45,ATL,Bert Emanuel,WR,23,2001,0,0,6,39,30,103,0,1,0,0,1,7,13,0,351,4852,28,1,,,Rice,College Stats,/players/E/EmanBe00.htm,http://www.sports-reference.com/cfb/players/bert-emanuel-1.html
1994,2,46,DAL,Larry Allen,G,22,2007,6,11,13,98,93,203,0,0,0,0,0,0,0,0,0,0,0,,,,Sonoma St.,,/players/A/AlleLa00.htm,
1994,2,47,NYG,Thomas Randolph,DB,23,1999,0,0,2,18,16,95,0,0,0,0,0,0,0,0,0,0,0,175,6,,Kansas St.,,/players/R/RandTh20.htm,
1994,2,48,BUF,Bucky Brooks,DB,23,1998,0,0,0,1,0,32,0,0,0,0,0,0,0,0,0,0,0,12,,,North Carolina,College Stats,/players/B/BrooBu20.htm,http://www.sports-reference.com/cfb/players/bucky-brooks-1.html
1994,2,49,RAM,Toby Wright,DB,23,1999,0,0,3,18,18,59,0,0,0,0,0,1,9,0,0,0,0,228,7,2.0,Nebraska,,/players/W/WrigTo20.htm,
1994,2,50,PIT,Brentson Buckner,DT,22,2005,0,0,8,53,17,174,0,0,0,0,0,0,0,0,0,0,0,303,2,31.0,Clemson,,/players/B/BuckBr20.htm,
1994,2,51,DEN,Allen Aldridge,LB,22,2001,0,0,7,40,20,128,0,0,0,0,0,0,0,0,0,0,0,335,1,10.5,Houston,,/players/A/AldrAl21.htm,
1994,2,52,RAI,James Folston,LB,23,2000,0,0,0,8,8,84,0,0,0,0,0,0,0,0,1,-1,0,38,,3.0,La-Monroe,,/players/F/FolsJa20.htm,
1994,2,53,SFO,Kevin Mitchell,LB,23,2003,0,0,2,19,4,144,0,0,0,0,0,0,0,0,0,0,0,178,2,6.5,Syracuse,,/players/M/MitcKe21.htm,
1994,2,54,MIA,Aubrey Beavers,LB,23,1996,0,0,0,7,7,39,0,0,0,0,0,0,0,0,0,0,0,44,3,,Oklahoma,,/players/B/BeavAu20.htm,
1994,2,55,MIN,Fernando Smith,DE,23,2000,0,0,2,19,14,80,0,0,0,0,0,0,0,0,0,0,0,106,,20.0,Jackson St.,,/players/S/SmitFe20.htm,
1994,2,56,RAM,Brad Ottis,DE,22,2000,0,0,1,11,2,81,0,0,0,0,0,0,0,0,0,0,0,88,,4.0,Wayne State (NE),,/players/O/OttiBr20.htm,
1994,2,57,DET,Van Malone,DB,24,1997,0,0,1,9,9,55,0,0,0,0,0,0,0,0,0,0,0,62,3,,Texas,,/players/M/MaloVa20.htm,
1994,2,58,KAN,Donnell Bennett,RB,21,2001,0,0,2,14,13,102,0,0,0,0,0,529,1941,17,66,352,1,1,,,Miami (FL),College Stats,/players/B/BennDo00.htm,http://www.sports-reference.com/cfb/players/donnell-bennett-1.html
1994,2,59,NYG,Jason Sehorn,DB,23,2003,0,0,3,38,37,117,0,0,0,0,0,0,0,0,0,0,0,373,19,5.5,USC,,/players/S/SehoJa20.htm,
1994,2,60,HOU,Jeremy Nunley,DE,22,1994,0,0,0,1,1,12,0,0,0,0,0,0,0,0,0,0,0,,,,Alabama,College Stats,/players/N/NunlJe20.htm,http://www.sports-reference.com/cfb/players/jeremy-nunley-1.html
1994,2,61,BUF,Lonnie Johnson,TE,23,1999,0,0,4,13,12,88,0,0,0,0,0,1,6,0,163,1587,6,,,,Florida St.,College Stats,/players/J/JohnLo00.htm,http://www.sports-reference.com/cfb/players/lonnie-johnson-2.html
1994,2,62,SFO,Tyronne Drakeford,DB,23,2001,0,0,2,20,12,97,0,0,0,0,0,0,0,0,0,0,0,217,16,3.0,Virginia Tech,,/players/D/DrakTy20.htm,
1994,2,63,SDG,Vaughn Parker,T,23,2004,0,0,6,40,40,122,0,0,0,0,0,0,0,0,0,0,0,,,,UCLA,College Stats,/players/P/ParkVa20.htm,http://www.sports-reference.com/cfb/players/vaughn-parker-1.html
1994,2,64,BUF,Sam Rogers,LB,24,2003,0,0,6,41,35,133,0,0,0,0,0,0,0,0,0,0,0,270,2,30.0,Colorado,,/players/R/RogeSa20.htm,
1994,2,65,MIA,Tim Ruddy,C,22,2003,0,1,9,61,61,156,0,0,0,0,0,0,0,0,0,0,0,,,,Notre Dame,,/players/R/RuddTi20.htm,
1994,Rnd,Pick,Tm,Player,Pos,Age,To,AP1,PB,St,CarAV,DrAV,G,Cmp,Att,Yds,TD,Int,Att,Yds,TD,Rec,Yds,TD,Solo,Int,Sk,College/Univ,,,
1994,3,66,CIN,Jeff Cothran,FB,23,1996,0,0,2,3,3,39,0,0,0,0,0,57,191,1,19,117,1,,,,Ohio St.,College Stats,/players/C/CothJe00.htm,http://www.sports-reference.com/cfb/players/jeff-cothran-1.html
1994,3,67,IND,Jason Mathews,T,23,2004,0,0,2,26,17,144,0,0,0,0,0,0,0,0,0,0,0,,,,Texas A&M,,/players/M/MathJa21.htm,
1994,3,68,WAS,Tydus Winans,WR,22,1996,0,0,0,4,4,25,0,0,0,0,0,1,5,0,23,421,2,,,,Fresno St.,College Stats,/players/W/WinaTy00.htm,http://www.sports-reference.com/cfb/players/tydus-winans-1.html
1994,3,69,TAM,Harold Bishop,TE,24,1998,0,0,0,1,0,34,0,0,0,0,0,0,0,0,19,161,0,,,,LSU,College Stats,/players/B/BishHa00.htm,http://www.sports-reference.com/cfb/players/harold-bishop-1.html
1994,3,70,SDG,Andre Coleman,WR,21,1998,0,0,1,10,10,58,0,0,0,0,0,2,0,0,43,602,3,,,,Kansas St.,College Stats,/players/C/ColeAn00.htm,http://www.sports-reference.com/cfb/players/andre-coleman-1.html
1994,3,71,RAM,Keith Lyle,DB,22,2002,0,0,6,36,33,136,0,0,0,0,0,5,47,0,0,0,0,409,31,5.0,Virginia,,/players/L/LyleKe20.htm,
1994,3,72,ATL,Anthony Phillips,DB,23,1998,0,0,0,3,3,20,0,0,0,0,0,0,0,0,0,0,0,50,2,,Texas A&M-Kingsville,,/players/P/PhilAn20.htm,
1994,3,73,SEA,Lamar Smith,RB,23,2003,0,0,4,32,9,115,1,4,20,1,0,1322,4853,38,159,1255,7,1,,,Houston,College Stats,/players/S/SmitLa00.htm,http://www.sports-reference.com/cfb/players/lamar-smith-2.html
1994,3,74,CHI,Jim Flanigan,DT,23,2003,0,0,6,46,40,145,0,0,0,0,0,1,0,0,3,7,3,260,1,46.0,Notre Dame,,/players/F/FlanJi21.htm,
1994,3,75,CLE,Romeo Bandison,DT,23,1996,0,0,0,1,,14,0,0,0,0,0,0,0,0,0,0,0,5,,,Oregon,,/players/B/BandRo20.htm,
1994,3,76,ARI,Rich Braham,C,23,2006,0,0,9,54,,146,0,0,0,0,0,0,0,0,0,0,0,,,,West Virginia,,/players/B/BrahRi20.htm,
1994,3,77,PHI,Joe Panos,G,23,2000,0,0,4,28,18,83,0,0,0,0,0,0,0,0,0,0,0,,,,Wisconsin,,/players/P/PanoJo20.htm,
1994,3,78,NWE,Ervin Collier,DT,,,0,0,0,,,,,,,,,,,,,,,,,,Florida A&M,,,
1994,3,79,NOR,Winfred Tubbs,LB,23,2000,0,1,6,42,25,98,0,0,0,0,0,0,0,0,0,0,0,473,8,10.5,Texas,College Stats,/players/T/TubbWi20.htm,http://www.sports-reference.com/cfb/players/winfred-tubbs-1.html
1994,3,80,RAI,Calvin Jones,RB,23,1996,0,0,0,1,1,16,0,0,0,0,0,27,112,0,2,6,0,,,,Nebraska,College Stats,/players/J/JoneCa00.htm,http://www.sports-reference.com/cfb/players/calvin-jones-3.html
1994,3,81,BUF,Marlo Perry,LB,22,1999,0,0,1,11,11,76,0,0,0,0,0,0,0,0,0,0,0,125,2,1.5,Jackson St.,,/players/P/PerrMa21.htm,
1994,3,82,SDG,Willie Clark,DB,22,1998,0,0,0,8,5,59,0,0,0,0,0,0,0,0,0,0,0,96,4,,Notre Dame,College Stats,/players/C/ClarWi20.htm,http://www.sports-reference.com/cfb/players/willie-clark-3.html
1994,3,83,RAM,James Bostic,RB,22,1999,0,0,0,1,,11,0,0,0,0,0,5,19,0,5,8,0,,,,Auburn,College Stats,/players/B/BostJa00.htm,http://www.sports-reference.com/cfb/players/james-bostic-1.html
1994,3,84,GNB,LeShon Johnson,RB,23,1999,0,0,1,11,3,62,0,0,0,0,0,253,955,5,43,434,2,,,,Northern Illinois,College Stats,/players/J/JohnLe01.htm,http://www.sports-reference.com/cfb/players/leshon-johnson-1.html
1994,3,85,SFO,Doug Brien,K,23,2005,0,0,9,28,2,154,0,0,0,0,0,0,0,0,0,0,0,3,,,California,,/players/B/briendou01.htm,
1994,3,86,CIN,Steve Shine,LB,,,0,0,0,,,,,,,,,,,,,,,,,,Northwestern,College Stats,,http://www.sports-reference.com/cfb/players/steve-shine-1.html
1994,3,87,SFO,Cory Fleming,WR,23,1995,0,0,0,1,,18,0,0,0,0,0,0,0,0,6,83,0,,,,Tennessee,College Stats,/players/F/FlemCo20.htm,http://www.sports-reference.com/cfb/players/cory-fleming-2.html
1994,3,88,PIT,Jason Gildon,LB,22,2004,1,3,8,75,75,167,0,0,0,0,0,0,0,0,0,0,0,382,2,80.0,Oklahoma St.,,/players/G/GildJa00.htm,
1994,3,89,ARI,Eric England,DE,23,1996,0,0,0,3,3,37,0,0,0,0,0,0,0,0,0,0,0,16,,,Texas A&M,,/players/E/EnglEr20.htm,
1994,3,90,NWE,Joe Burch,C,,,0,0,0,,,,,,,,,,,,,,,,,,Texas Southern,,,
1994,3,91,PIT,Bam Morris,RB,22,1999,0,0,2,28,10,74,0,0,0,0,0,974,3809,35,103,790,1,,,,Texas Tech,College Stats,/players/M/MorrBa00.htm,http://www.sports-reference.com/cfb/players/bam-morris-1.html
1994,3,92,KAN,Lake Dawson,WR,22,1997,0,0,2,12,12,43,0,0,0,0,0,4,15,0,103,1406,10,,,,Notre Dame,College Stats,/players/D/DawsLa01.htm,http://www.sports-reference.com/cfb/players/lake-dawson-1.html
1994,3,93,DET,Shane Bonham,DT,23,1999,0,0,0,6,4,76,0,0,0,0,0,0,0,0,0,0,0,33,,4.0,Tennessee,,/players/B/BonhSh20.htm,
1994,3,94,NYJ,Lou Benfatti,DT,23,1995,0,0,0,1,1,19,0,0,0,0,0,0,0,0,0,0,0,14,,,Penn St.,,/players/B/BenfLo20.htm,
1994,3,95,NYG,Gary Downs,RB,22,2000,0,0,0,1,1,70,0,0,0,0,0,45,149,0,9,66,0,,,,North Carolina St.,College Stats,/players/D/DownGa00.htm,http://www.sports-reference.com/cfb/players/gary-downs-1.html
1994,3,96,KAN,Chris Penn,WR,23,1999,0,0,1,15,6,70,0,0,0,0,0,1,-1,0,148,1945,12,,,,Tulsa,College Stats,/players/P/PennCh00.htm,http://www.sports-reference.com/cfb/players/chris-penn-1.html
1994,3,97,WAS,Joe Patton,T,22,1998,0,0,3,25,25,61,0,0,0,0,0,0,0,0,0,0,0,,,,Alabama A&M,,/players/P/PattJo21.htm,
1994,3,98,BUF,Corey Louchiey,T,22,1997,0,0,0,8,8,45,0,0,0,0,0,0,0,0,1,0,0,,,,South Carolina,,/players/L/LoucCo20.htm,
1994,3,99,ATL,Alai Kalaniuvalu,G,,,0,0,0,,,,,,,,,,,,,,,,,,Oregon St.,,,
1994,3,100,RAM,Ernest Jones,DT,23,1999,0,0,0,2,,29,0,0,0,0,0,0,0,0,0,0,0,13,,3.5,Oregon,,/players/J/JoneEr20.htm,
1994,3,101,HOU,Malcolm Floyd,WR,21,1997,0,0,0,2,2,49,0,0,0,0,0,0,0,0,26,351,2,,,,Fresno St.,College Stats,/players/F/FloyMa01.htm,http://www.sports-reference.com/cfb/players/malcolm-seabron-1.html
1994,3,102,DAL,George Hegamin,T,21,2000,0,0,1,9,5,64,0,0,0,0,0,0,0,0,0,0,0,,,,North Carolina St.,,/players/H/HegaGe20.htm,
1994,3,103,PHI,Eric Zomalt,DB,22,1996,0,0,0,4,3,40,0,0,0,0,0,0,0,0,0,0,0,24,,,California,,/players/Z/ZomaEr20.htm,
1994,Rnd,Pick,Tm,Player,Pos,Age,To,AP1,PB,St,CarAV,DrAV,G,Cmp,Att,Yds,TD,Int,Att,Yds,TD,Rec,Yds,TD,Solo,Int,Sk,College/Univ,,,
1994,4,104,CIN,Corey Sawyer,DB,22,1999,0,0,0,8,8,65,0,0,0,0,0,0,0,0,0,0,0,144,11,3.5,Florida St.,College Stats,/players/S/SawyCo20.htm,http://www.sports-reference.com/cfb/players/corey-sawyer-1.html
1994,4,105,WAS,Kurt Haws,TE,24,1994,0,0,0,0,0,6,0,0,0,0,0,0,0,0,0,0,0,,,,Utah,College Stats,/players/H/HawsKu20.htm,http://www.sports-reference.com/cfb/players/kurt-haws-1.html
1994,4,106,IND,Bradford Banta,TE,23,2004,0,0,0,0,0,156,0,0,0,0,0,0,0,0,2,13,0,8,,,USC,College Stats,/players/B/BantBr00.htm,http://www.sports-reference.com/cfb/players/bradford-banta-1.html
1994,4,107,ARI,Perry Carter,DB,23,1998,0,0,0,3,,28,0,0,0,0,0,0,0,0,0,0,0,45,,,Southern Miss,,/players/C/CartPe20.htm,
1994,4,108,RAM,Chris Brantley,WR,23,1996,0,0,0,0,0,25,0,0,0,0,0,0,0,0,9,76,1,,,,Rutgers,College Stats,/players/B/BranCh00.htm,http://www.sports-reference.com/cfb/players/chris-brantley-2.html
1994,4,109,DAL,Willie Jackson,WR,23,2002,0,0,2,28,,113,0,0,0,0,0,4,16,0,284,3641,24,,,,Florida,College Stats,/players/J/JackWi00.htm,http://www.sports-reference.com/cfb/players/willie-jackson-3.html
1994,4,110,SEA,Larry Whigham,DB,22,2002,0,2,0,14,,136,0,0,0,0,0,0,0,0,0,0,0,120,4,5.0,La-Monroe,,/players/W/WhigLa00.htm,
1994,4,111,ATL,Perry Klein,QB,23,1994,0,0,0,0,0,2,0,1,0,0,0,0,0,0,0,0,0,,,,C.W. Post,College Stats,/players/K/KleiPe20.htm,http://www.sports-reference.com/cfb/players/perry-klein-1.html
1994,4,112,MIA,Ronnie Woolfork,LB,,,0,0,0,,,,,,,,,,,,,,,,,,Colorado,,,
1994,4,113,ARI,John Reece,DB,23,1995,0,0,0,0,,5,0,0,0,0,0,0,0,0,0,0,0,,,,Nebraska,,/players/R/ReecJo20.htm,
1994,4,114,CHI,Raymont Harris,RB,23,2000,0,0,3,19,17,54,0,0,0,0,0,684,2509,16,114,739,1,,,,Ohio St.,College Stats,/players/H/HarrRa00.htm,http://www.sports-reference.com/cfb/players/raymont-harris-1.html
1994,4,115,ARI,Terry Irving,LB,23,1998,0,0,0,10,10,70,0,0,0,0,0,0,0,0,0,0,0,102,,1.0,McNeese St.,,/players/I/IrviTe21.htm,
1994,4,116,NOR,Doug Nussmeier,QB,23,1997,0,0,0,2,2,5,46,82,455,1,4,11,36,0,0,0,0,,,,Idaho,,/players/N/NussDo00.htm,
1994,4,117,NYJ,Orlando Parker,WR,22,1994,0,0,0,0,0,2,0,0,0,0,0,0,0,0,1,7,0,,,,Troy,,/players/P/ParkOr20.htm,
1994,4,118,ATL,Mitch Davis,LB,,,0,0,0,,,,,,,,,,,,,,,,,,Georgia,College Stats,,http://www.sports-reference.com/cfb/players/mitch-davis-1.html
1994,4,119,HOU,Mike Davis,DB,22,1995,0,0,0,1,1,19,0,0,0,0,0,0,0,0,0,0,0,2,,,Cincinnati,,/players/D/DaviMi21.htm,
1994,4,120,RAI,Austin Robbins,DT,23,2000,0,0,1,10,2,80,0,0,0,0,0,0,0,0,0,0,0,61,,6.0,North Carolina,,/players/R/RobbAu20.htm,
1994,4,121,NWE,John Burke,TE,23,1998,0,0,0,2,2,60,0,0,0,0,0,0,0,0,28,273,0,,,,Virginia Tech,College Stats,/players/B/BurkJo00.htm,http://www.sports-reference.com/cfb/players/john-burke-1.html
1994,4,122,PIT,Ta'ase Faumui,DE,23,1995,0,0,0,0,0,8,0,0,0,0,0,0,0,0,0,0,0,2,,,Hawaii,,/players/F/FaumTa20.htm,
1994,4,123,DEN,Randy Fuller,DB,24,1999,0,0,0,5,1,64,0,0,0,0,0,0,0,0,0,0,0,74,1,3.0,Tennessee St.,,/players/F/FullRa20.htm,
1994,4,124,DET,Vaughn Bryant,DB,,,0,0,0,,,,,,,,,,,,,,,,,,Stanford,College Stats,,http://www.sports-reference.com/cfb/players/vaughn-bryant-1.html
1994,4,125,MIN,Mike Wells,DT,23,2001,0,0,4,31,,115,0,0,0,0,0,0,0,0,1,13,0,185,1,6.5,Iowa,,/players/W/WellMi23.htm,
1994,4,126,GNB,Gabe Wilkins,DE,23,1999,0,0,3,22,17,84,0,0,0,0,0,0,0,0,0,0,0,87,1,13.5,Gardner-Webb,,/players/W/WilkGa20.htm,
1994,4,127,KAN,Bracy Walker,DB,23,2005,0,0,3,23,3,167,0,0,0,0,0,0,0,0,0,0,0,289,8,2.0,North Carolina,College Stats,/players/W/WalkBr20.htm,http://www.sports-reference.com/cfb/players/bracey-walker-1.html
1994,4,128,NYG,Chris Maumalanga,DT,22,1996,0,0,0,1,1,14,0,0,0,0,0,0,0,0,0,0,0,6,,,Kansas,,/players/M/MaumCh20.htm,
1994,4,129,HOU,Sean Jackson,RB,,,0,0,0,,,,,,,,,,,,,,,,,,Florida St.,College Stats,,http://www.sports-reference.com/cfb/players/sean-jackson-1.html
1994,4,130,BUF,Sean Crocker,DB,,,0,0,0,,,,,,,,,,,,,,,,,,North Carolina,College Stats,,http://www.sports-reference.com/cfb/players/sean-crocker-1.html
1994,4,131,DAL,DeWayne Dotson,LB,23,1997,0,0,0,2,,25,0,0,0,0,0,0,0,0,1,4,0,,,,Mississippi,,/players/D/DotsDe20.htm,
1994,Rnd,Pick,Tm,Player,Pos,Age,To,AP1,PB,St,CarAV,DrAV,G,Cmp,Att,Yds,TD,Int,Att,Yds,TD,Rec,Yds,TD,Solo,Int,Sk,College/Univ,,,
1994,5,132,CIN,Trent Pollard,T,21,1995,0,0,0,2,2,17,0,0,0,0,0,0,0,0,0,0,0,,,,East. Washington,,/players/P/PollTr20.htm,
1994,5,133,IND,John Covington,DB,22,1994,0,0,0,0,0,3,0,0,0,0,0,0,0,0,0,0,0,2,,,Notre Dame,,/players/C/CoviJo20.htm,
1994,5,134,MIN,Shelly Hammonds,DB,23,1995,0,0,0,0,0,1,0,0,0,0,0,0,0,0,0,0,0,2,,,Penn St.,College Stats,/players/H/HammSh20.htm,http://www.sports-reference.com/cfb/players/shelly-hammonds-1.html
1994,5,135,NWE,Pat O'Neill,P,23,1995,0,0,2,2,2,25,0,0,0,0,0,0,0,0,0,0,0,,,,Syracuse,,/players/O/oneilpat01.htm,
1994,5,136,TAM,Pete Pierson,T,23,2002,0,0,0,13,13,102,0,0,0,0,0,0,0,0,0,0,0,,,,Washington,,/players/P/PierPe20.htm,
1994,5,137,SDG,Aaron Laing,TE,23,1997,0,0,0,1,0,32,0,0,0,0,0,0,0,0,18,147,1,,,,New Mexico St.,College Stats,/players/L/LainAa00.htm,http://www.sports-reference.com/cfb/players/aaron-laing-1.html
1994,5,138,ATL,Harrison Houston,WR,,,0,0,0,,,,,,,,,,,,,,,,,,Florida,College Stats,,http://www.sports-reference.com/cfb/players/harrison-houston-1.html
1994,5,139,ARI,Anthony Redmon,G,23,2000,0,0,4,28,17,79,0,0,0,0,0,0,0,0,0,0,0,,,,Auburn,,/players/R/RedmAn20.htm,
1994,5,140,PIT,Myron Bell,DB,22,2001,0,0,3,16,11,112,0,0,0,0,0,0,0,0,0,0,0,215,4,6.5,Michigan St.,,/players/B/BellMy20.htm,
1994,5,141,CLE,Issac Booth,DB,23,1996,0,0,0,4,3,35,0,0,0,0,0,0,0,0,0,0,0,55,2,,California,,/players/B/BootIs20.htm,
1994,5,142,NOR,Herman Carroll,DE,23,1994,0,0,0,0,0,4,0,0,0,0,0,0,0,0,0,0,0,,,,Mississippi St.,,/players/C/CarrHe21.htm,
1994,5,143,NOR,Craig Novitsky,G,23,1996,0,0,0,7,7,41,0,0,0,0,0,0,0,0,0,0,0,,,,UCLA,,/players/N/NoviCr20.htm,
1994,5,144,PHI,Marvin Goodwin,DB,,,0,0,0,,,,,,,,,,,,,,,,,,UCLA,College Stats,,http://www.sports-reference.com/cfb/players/marvin-goodwin-1.html
1994,5,145,SDG,Rodney Harrison,DB,21,2008,2,2,9,72,42,186,0,0,0,0,0,0,0,0,0,0,0,911,34,30.5,West. Illinois,,/players/H/HarrRo01.htm,
1994,5,146,GNB,Terry Mickens,WR,23,1999,0,0,0,8,3,79,0,0,0,0,0,0,0,0,70,851,4,,,,Florida A&M,,/players/M/MickTe00.htm,
1994,5,147,MIA,William Gaines,DT,23,1997,0,0,1,13,1,51,0,0,0,0,0,0,0,0,0,0,0,60,,2.0,Florida,,/players/G/GainWi20.htm,
1994,5,148,PIT,Gary Brown,T,23,1996,0,0,0,5,,25,0,0,0,0,0,0,0,0,0,0,0,,,,Georgia Tech,,/players/B/BrowGa20.htm,
1994,5,149,GNB,Dorsey Levens,RB,24,2004,0,1,3,54,47,144,0,2,0,0,0,1243,4955,36,304,2334,17,2,,,Georgia Tech,College Stats,/players/L/LeveDo00.htm,http://www.sports-reference.com/cfb/players/dorsey-levens-1.html
1994,5,150,SDG,Darren Krein,DE,,,0,0,0,,,,,,,,,,,,,,,,,,Miami (FL),,,
1994,5,151,KAN,James Burton,DB,23,1997,0,0,0,5,,45,0,0,0,0,0,0,0,0,0,0,0,63,1,,Fresno St.,,/players/B/BurtJa20.htm,
1994,5,152,NYJ,Horace Morris,LB,,,0,0,0,,,,,,,,,,,,,,,,,,Tennessee,,,
1994,5,153,SFO,Tony Peterson,LB,22,1999,0,0,0,5,4,87,0,0,0,0,0,0,0,0,0,0,0,,,1.0,Notre Dame,,/players/P/PeteTo20.htm,
1994,5,154,DET,Tony Semple,G,23,2002,0,0,3,23,23,112,0,0,0,0,0,0,0,0,0,0,0,,,,Memphis,,/players/S/SempTo20.htm,
1994,5,155,NYG,Chad Bratzke,DE,22,2003,0,0,7,47,23,129,0,0,0,0,0,0,0,0,0,0,0,297,,56.5,East. Kentucky,,/players/B/BratCh20.htm,
1994,5,156,KAN,Rob Waldrop,DT,22,1994,0,0,0,0,0,3,0,0,0,0,0,0,0,0,0,0,0,1,,,Arizona,College Stats,/players/W/WaldRo20.htm,http://www.sports-reference.com/cfb/players/rob-waldrop-1.html
1994,5,157,HOU,Roderick Lewis,TE,23,1997,0,0,2,2,2,45,0,0,0,0,0,0,0,0,28,221,0,,,,Arizona,College Stats,/players/L/LewiRo00.htm,http://www.sports-reference.com/cfb/players/roderick-lewis-1.html
1994,5,158,BUF,A.J. Ofodile,TE,20,1999,0,0,0,0,,24,0,0,0,0,0,0,0,0,4,25,0,,,,Missouri,College Stats,/players/O/OfodA.00.htm,http://www.sports-reference.com/cfb/players/aj-ofodile-1.html
1994,5,159,RAI,Roosevelt Patterson,G,,,0,0,0,,,,,,,,,,,,,,,,,,Alabama,,,
1994,5,160,SDG,Tony Vinson,RB,23,1999,0,0,0,0,,16,0,0,0,0,0,0,0,0,0,0,0,,,,Towson,College Stats,/players/V/VinsTo00.htm,http://www.sports-reference.com/cfb/players/tony-vinson-1.html
1994,5,161,HOU,Jim Reid,T,23,1995,0,0,0,0,0,6,0,0,0,0,0,0,0,0,0,0,0,,,,Virginia,,/players/R/ReidJi20.htm,
1994,Rnd,Pick,Tm,Player,Pos,Age,To,AP1,PB,St,CarAV,DrAV,G,Cmp,Att,Yds,TD,Int,Att,Yds,TD,Rec,Yds,TD,Solo,Int,Sk,College/Univ,,,
1994,6,162,CIN,Kimo von Oelhoffen,DE,23,2007,0,0,9,56,8,198,0,0,0,0,0,0,0,0,0,0,0,253,,26.5,Boise St.,,/players/V/vonOKi20.htm,
1994,6,163,WAS,Dexter Nottage,DE,23,1997,0,0,0,7,7,48,0,0,0,0,0,0,0,0,0,0,0,58,,6.0,Florida A&M,,/players/N/NottDe20.htm,
1994,6,164,IND,Lamont Warren,RB,21,2002,0,0,0,16,8,96,0,4,0,0,1,287,922,8,146,1270,5,4,,,Colorado,College Stats,/players/W/WarrLa00.htm,http://www.sports-reference.com/cfb/players/lamont-warren-1.html
1994,6,165,TAM,Bernard Carter,LB,23,1995,0,0,0,0,,5,0,0,0,0,0,0,0,0,0,0,0,2,,,East Carolina,,/players/C/CartBe20.htm,
1994,6,166,NWE,Steve Hawkins,WR,23,1994,0,0,0,0,0,7,0,0,0,0,0,0,0,0,2,22,0,,,,West. Michigan,,/players/H/HawkSt20.htm,
1994,6,167,RAM,Rickey Brady,TE,23,1994,0,0,0,0,0,1,0,0,0,0,0,0,0,0,0,0,0,,,,Oklahoma,College Stats,/players/B/BradRi20.htm,http://www.sports-reference.com/cfb/players/rickey-brady-1.html
1994,6,168,NWE,Max Lane,T,23,2000,0,0,4,33,33,100,0,0,0,0,0,0,0,0,0,0,0,,,,Navy,College Stats,/players/L/LaneMa20.htm,http://www.sports-reference.com/cfb/players/max-lane-1.html
1994,6,169,GNB,Jay Kearney,WR,,,0,0,0,,,,,,,,,,,,,,,,,,West Virginia,College Stats,,http://www.sports-reference.com/cfb/players/jay-kearney-1.html
1994,6,170,CHI,Lloyd Hill,WR,,,0,0,0,,,,,,,,,,,,,,,,,,Texas Tech,College Stats,,http://www.sports-reference.com/cfb/players/lloyd-hill-1.html
1994,6,171,CLE,Robert Strait,RB,,,0,0,0,,,,,,,,,,,,,,,,,,Baylor,College Stats,,http://www.sports-reference.com/cfb/players/robert-strait-1.html
1994,6,172,ARI,Terry Samuels,TE,23,1995,0,0,0,0,0,20,0,0,0,0,0,1,1,0,10,76,0,,,,Kentucky,College Stats,/players/S/SamuTe20.htm,http://www.sports-reference.com/cfb/players/terry-samuels-1.html
1994,6,173,NYJ,Fred Lester,RB,,,0,0,0,,,,,,,,,,,,,,,,,,Alabama A&M,,,
1994,6,174,PHI,Ryan McCoy,LB,,,0,0,0,,,,,,,,,,,,,,,,,,Houston,,,
1994,6,175,GNB,Ruffin Hamilton,LB,23,1999,0,0,0,3,0,44,0,0,0,0,0,0,0,0,0,0,0,7,,,Tulane,,/players/H/HamiRu20.htm,
1994,6,176,NOR,Derrell Mitchell,WR,22,1994,0,0,0,0,0,14,0,0,0,0,0,0,0,0,1,13,0,,,,Texas Tech,College Stats,/players/M/MitcDe00.htm,http://www.sports-reference.com/cfb/players/derrell-mitchell-1.html
1994,6,177,MIA,Brant Boyer,LB,23,2003,0,0,0,18,1,130,0,1,0,0,0,1,7,0,0,0,0,226,6,13.0,Arizona,,/players/B/BoyeBr20.htm,
1994,6,178,PIT,Jim Miller,QB,23,2002,0,0,2,16,1,37,610,1046,6387,36,31,55,4,0,0,0,0,1,,,Michigan St.,College Stats,/players/M/MillJi00.htm,http://www.sports-reference.com/cfb/players/jim-miller-7.html
1994,6,179,MIN,Andrew Jordan,TE,22,2001,0,0,2,7,7,92,0,0,0,0,0,0,0,0,100,772,4,1,,,West. Carolina,,/players/J/JordAn00.htm,
1994,6,180,PIT,Eric Ravotti,LB,23,1996,0,0,0,3,3,23,0,0,0,0,0,0,0,0,0,0,0,12,,2.0,Penn St.,,/players/R/RavoEr20.htm,
1994,6,181,GNB,Bill Schroeder,WR,23,2004,0,0,5,38,31,111,0,1,0,0,0,3,17,0,304,4583,28,6,,,WisconsinLaCrosse,,/players/S/SchrBi00.htm,
1994,6,182,SFO,Lee Woodall,LB,24,2001,0,2,7,47,39,124,0,0,0,0,0,0,0,0,0,0,0,356,6,10.0,West Chester,,/players/W/WoodLe00.htm,
1994,6,183,DET,Jocelyn Borgella,DB,23,1996,0,0,0,1,1,15,0,0,0,0,0,0,0,0,0,0,0,,,,Cincinnati,,/players/B/BorgJo20.htm,
1994,6,184,CIN,Jerry Reynolds,T,24,1998,0,0,0,2,,25,0,0,0,0,0,0,0,0,0,0,0,,,,UNLV,,/players/R/ReynJe20.htm,
1994,6,185,KAN,Anthony Daigle,RB,24,1994,0,0,0,0,,1,0,0,0,0,0,0,0,0,0,0,0,,,,Fresno St.,College Stats,/players/D/DaigAn20.htm,http://www.sports-reference.com/cfb/players/anthony-daigle-1.html
1994,6,186,NYG,Jason Winrow,G,,,0,0,0,,,,,,,,,,,,,,,,,,Ohio St.,,,
1994,6,187,HOU,Lee Gissendaner,WR,,,0,0,0,,,,,,,,,,,,,,,,,,Northwestern,College Stats,,http://www.sports-reference.com/cfb/players/lee-gissendaner-1.html
1994,6,188,BUF,Anthony Abrams,DE,,,0,0,0,,,,,,,,,,,,,,,,,,,,,
1994,6,189,RAM,Ronald Edwards,T,,,0,0,0,,,,,,,,,,,,,,,,,,North Carolina A&T,,,
1994,6,190,GNB,Paul Duckworth,LB,,,0,0,0,,,,,,,,,,,,,,,,,,Connecticut,,,
1994,6,191,DAL,Darren Studstill,DB,24,1996,0,0,0,0,0,16,0,0,0,0,0,0,0,0,0,0,0,,,,West Virginia,College Stats,/players/S/StudDa21.htm,http://www.sports-reference.com/cfb/players/darren-studstill-1.html
1994,6,192,BUF,Kevin Knox,WR,23,1994,0,0,0,0,,2,0,0,0,0,0,0,0,0,0,0,0,,,,Florida St.,College Stats,/players/K/KnoxKe20.htm,http://www.sports-reference.com/cfb/players/kevin-knox-1.html
1994,6,193,PHI,Mitch Berger,P,22,2009,0,2,12,21,0,187,0,3,0,0,1,3,0,0,0,0,0,15,,,Colorado,College Stats,/players/B/BergMi20.htm,http://www.sports-reference.com/cfb/players/mitch-berger-1.html
1994,6,194,HOU,Barron Wortham,LB,24,2000,0,0,3,31,26,108,0,0,0,0,0,0,0,0,0,0,0,253,2,3.5,Texas-El Paso,College Stats,/players/W/WortBa20.htm,http://www.sports-reference.com/cfb/players/barron-wortham-1.html
1994,Rnd,Pick,Tm,Player,Pos,Age,To,AP1,PB,St,CarAV,DrAV,G,Cmp,Att,Yds,TD,Int,Att,Yds,TD,Rec,Yds,TD,Solo,Int,Sk,College/Univ,,,
1994,7,195,CIN,Ramondo Stallings,DE,22,1997,0,0,0,4,4,38,0,0,0,0,0,0,0,0,0,0,0,34,,3.0,San Diego St.,,/players/S/StalRa20.htm,
1994,7,196,IND,Lance Teichelman,DE,23,1994,0,0,0,0,0,1,0,0,0,0,0,0,0,0,0,0,0,,,,Texas A&M,,/players/T/TeicLa20.htm,
1994,7,197,WAS,Gus Frerotte,QB,23,2008,0,1,5,56,31,147,1699,3106,21291,114,106,197,315,6,0,0,0,3,,,Tulsa,College Stats,/players/F/FrerGu00.htm,http://www.sports-reference.com/cfb/players/gus-frerotte-1.html
1994,7,198,NWE,Jay Walker,QB,22,1997,0,0,0,0,,1,2,2,31,0,0,0,0,0,0,0,0,,,,Howard,College Stats,/players/W/WalkJa22.htm,http://www.sports-reference.com/cfb/players/jay-walker-1.html
1994,7,199,KAN,Steve Matthews,QB,23,1998,0,0,0,1,,3,28,43,299,0,0,1,10,0,0,0,0,,,,Memphis,College Stats,/players/M/MattSt00.htm,http://www.sports-reference.com/cfb/players/steve-matthews-1.html
1994,7,200,TAM,Jim Pyne,G,22,2001,0,0,5,27,13,81,0,0,0,0,0,0,0,0,0,0,0,,,,Virginia Tech,College Stats,/players/P/PyneJi20.htm,http://www.sports-reference.com/cfb/players/jim-pyne-1.html
1994,7,201,ATL,Jamal Anderson,RB,21,2001,1,1,4,49,49,88,1,6,27,1,1,1329,5336,34,156,1645,7,,,,Utah,College Stats,/players/A/AndeJa00.htm,http://www.sports-reference.com/cfb/players/jamal-anderson-1.html
1994,7,202,SEA,Carlester Crumpler,TE,23,1999,0,0,1,7,7,78,0,0,0,0,0,0,0,0,90,979,4,,,,East Carolina,College Stats,/players/C/CrumCa00.htm,http://www.sports-reference.com/cfb/players/carlester-crumpler-1.html
1994,7,203,CLE,Andre Hewitt,T,,,0,0,0,,,,,,,,,,,,,,,,,,Clemson,,,
1994,7,204,ARI,Frank Harvey,RB,23,1994,0,0,0,0,0,2,0,0,0,0,0,0,0,0,0,0,0,,,,Georgia,College Stats,/players/H/HarvFr20.htm,http://www.sports-reference.com/cfb/players/frank-harvey-1.html
1994,7,205,CHI,Dennis Collier,DB,,,0,0,0,,,,,,,,,,,,,,,,,,Colorado,College Stats,,http://www.sports-reference.com/cfb/players/dennis-collier-1.html
1994,7,206,PHI,Mark Montgomery,RB,,,0,0,0,,,,,,,,,,,,,,,,,,Wisconsin,College Stats,,http://www.sports-reference.com/cfb/players/mark-montgomery-2.html
1994,7,207,SDG,Zane Beehn,LB,,,0,0,0,,,,,,,,,,,,,,,,,,Kentucky,,,
1994,7,208,NYJ,Glenn Foley,QB,23,1999,0,0,0,8,7,21,207,382,2469,12,16,19,32,0,1,-9,0,,,,Boston Col.,College Stats,/players/F/FoleGl00.htm,http://www.sports-reference.com/cfb/players/glenn-foley-1.html
1994,7,209,PIT,Brice Abrams,RB,,,0,0,0,,,,,,,,,,,,,,,,,,Michigan St.,College Stats,,http://www.sports-reference.com/cfb/players/brice-abrams-1.html
1994,7,210,DEN,Keith Burns,LB,22,2006,0,0,0,12,11,197,0,0,0,0,0,0,0,0,0,0,0,116,1,1.5,Oklahoma St.,,/players/B/BurnKe21.htm,
1994,7,211,MIN,Pete Bercich,LB,22,2000,0,0,0,5,5,57,0,0,0,0,0,0,0,0,0,0,0,33,,,Notre Dame,,/players/B/BercPe20.htm,
1994,7,212,DEN,Butler By'not'e,RB,21,1995,0,0,0,0,0,16,0,0,0,0,0,0,0,0,0,0,0,,,,Ohio St.,College Stats,/players/B/BynoBu20.htm,http://www.sports-reference.com/cfb/players/butler-bynote-1.html
1994,7,213,NOR,Lance Lundberg,T,,,0,0,0,,,,,,,,,,,,,,,,,,Nebraska,,,
1994,7,214,MIA,Sean Hill,DB,23,1996,0,0,0,5,5,44,0,0,0,0,0,0,0,0,0,0,0,37,1,1.0,Montana St.,,/players/H/HillSe20.htm,
1994,7,215,DET,Tom Beer,LB,25,1996,0,0,0,2,2,41,0,0,0,0,0,0,0,0,0,0,0,1,,,Saginaw Valley St.,,/players/B/BeerTo20.htm,
1994,7,216,DAL,Toddrick McIntosh,DE,22,1995,0,0,0,1,,15,0,0,0,0,0,0,0,0,0,0,0,8,,2.0,Florida St.,,/players/M/McInTo20.htm,
1994,7,217,RAI,Rob Holmberg,LB,23,2001,0,0,0,9,3,112,0,0,0,0,0,0,0,0,0,0,0,40,,2.0,Penn St.,College Stats,/players/H/HolmRo20.htm,http://www.sports-reference.com/cfb/players/rob-holmberg-1.html
1994,7,218,DEN,Tom Nalen,C,23,2007,2,5,10,101,101,194,0,0,0,0,0,0,0,0,1,-1,0,,,,Boston Col.,College Stats,/players/N/NaleTo00.htm,http://www.sports-reference.com/cfb/players/tom-nalen-1.html
1994,7,219,KAN,Tracy Greene,TE,21,1995,0,0,0,1,1,23,0,0,0,0,0,0,0,0,6,69,1,,,,Grambling St.,,/players/G/GreeTr01.htm,
1994,7,220,HOU,Lemanski Hall,LB,23,2002,0,0,1,12,3,101,0,0,0,0,0,0,0,0,0,0,0,90,,4.0,Alabama,,/players/H/HallLe20.htm,
1994,7,221,BUF,Filmel Johnson,DB,23,1995,0,0,0,0,0,2,0,0,0,0,0,0,0,0,0,0,0,5,,,Illinois,,/players/J/JohnFi20.htm,
1994,7,222,NWE,Marty Moore,LB,23,2001,0,0,1,14,10,112,0,0,0,0,0,0,0,0,0,0,0,110,3,1.0,Kentucky,,/players/M/MoorMa23.htm,
